Workbook

Sheet libro compras
H1: S/. | I1: $ | K1: =+I3*K3 -> 0 | N1: TIPO DOC SUNAT | T1: TIPO DOC ISCALA | AB1: 0131 | AK1: 281110 | AL1: 401110 | AN1: 421202
A2: SEQ | B2: ASSIENTO | C2: COD PRVEEDOR | D2: NUMERO DE FACTURA | E2: FECHA FACT | F2: FECHA CONT | G2: FECHA VENC | H2: Importe Facturado | I2: Importe Facturado Org | J2: COD MONEDA | K2: Tipo de cambio | L2: IVA | M2: Código Banco Central | N2: Cód. de Autorización | O2: Comentarios | P2: CADENA DE CONT | Q2: CADENA DE CONT | R2: CADENA DE CONT | S2: CADENA DE CONT | T2: TIPO DE FACTURA | U2: CODIGO CARGA FISCAL | V2: Tipo IVA Código impuest | W2: Base imponible Registro impues | X2: Importe IVA Código impuest | Y2: Tipo IVA Registro impuest | Z2: Fecha Transacción Registro Impues | AB2: V.V | AC2: IGV | AD2: ADD | AE2: P.V | AF2: TC | AG2: V.V | AH2: IGV | AI2: ADD | AJ2: P.V | AK2: V.V | AL2: IGV | AM2: ADD | AN2: P.V | AO2: DIFERENCIA
A3: 1 | G3: =+E3 -> 0 | H3: =+AL3+AM3 -> 0 | I3: =+AC3+AD3 -> 0 | K3: =+AF3 -> 0 | L3: =+AL3 -> 0 | M3: 101 | Q3: 103 | S3: =(RIGHT(O3,7)) | U3: RC005 | V3: C001 | W3: =+AK3 -> 0 | X3: =+AL3 -> 0 | Y3: 1 | Z3: =+E3 -> 0 | AB3: =(AC3*100)/18 -> 0 | AE3: =+AB3+AC3+AD3 -> 0 | AG3: =+AB3*AF3 -> 0 | AH3: =+AC3*AF3 -> 0 | AI3: =+AD3*AF3 -> 0 | AJ3: =+AE3*AF3 -> 0 | AK3: =+ROUND(AG3,2) -> 0 | AL3: =+ROUND(AH3,2) -> 0 | AM3: =+ROUND(AI3,2) -> 0 | AN3: =+ROUND(AJ3,2) -> 0 | AO3: =+AK3+AL3-AN3+AM3 -> 0
A7: =1+A3 -> 2 | G7: =+E7 -> 0 | H7: =+AL7+AM7 -> 0 | I7: =+AC7+AD7 -> 0 | K7: =+AF7 -> 0 | L7: =+AL7 -> 0 | M7: 101 | Q7: 103 | S7: =(RIGHT(O7,7)) | U7: RC005 | V7: C001 | W7: =+AK7 -> 0 | X7: =+AL7 -> 0 | Y7: 1 | Z7: =+G7 -> 0 | AB7: =(AC7*100)/18 -> 0 | AE7: =+AB7+AC7+AD7 -> 0 | AG7: =+AB7*AF7 -> 0 | AH7: =+AC7*AF7 -> 0 | AI7: =+AD7*AF7 -> 0 | AJ7: =+AE7*AF7 -> 0 | AK7: =+ROUND(AG7,2) -> 0 | AL7: =+ROUND(AH7,2) -> 0 | AM7: =+ROUND(AI7,2) -> 0 | AN7: =+ROUND(AJ7,2) -> 0 | AO7: =+AK7+AL7-AN7+AM7 -> 0
A11: =1+A7 -> 3 | G11: =+E11 -> 0 | H11: =+AL11+AM11 -> 0 | I11: =+AC11+AD11 -> 0 | K11: =+AF11 -> 0 | L11: =+AL11 -> 0 | M11: 101 | Q11: 103 | S11: =(RIGHT(O11,7)) | U11: RC005 | V11: C001 | W11: =+AK11 -> 0 | X11: =+AL11 -> 0 | Y11: 1 | Z11: =+G11 -> 0 | AB11: =(AC11*100)/18 -> 0 | AE11: =+AB11+AC11+AD11 -> 0 | AG11: =+AB11*AF11 -> 0 | AH11: =+AC11*AF11 -> 0 | AI11: =+AD11*AF11 -> 0 | AJ11: =+AE11*AF11 -> 0 | AK11: =+ROUND(AG11,2) -> 0 | AL11: =+ROUND(AH11,2) -> 0 | AM11: =+ROUND(AI11,2) -> 0 | AN11: =+ROUND(AJ11,2) -> 0 | AO11: =+AK11+AL11-AN11+AM11 -> 0
A15: =1+A11 -> 4 | G15: =+E15 -> 0 | H15: =+AL15+AM15 -> 0 | I15: =+AC15+AD15 -> 0 | K15: =+AF15 -> 0 | L15: =+AL15 -> 0 | M15: 101 | Q15: 103 | S15: =(RIGHT(O15,7)) | U15: RC005 | V15: C001 | W15: =+AK15 -> 0 | X15: =+AL15 -> 0 | Y15: 1 | Z15: =+G15 -> 0 | AB15: =(AC15*100)/18 -> 0 | AE15: =+AB15+AC15+AD15 -> 0 | AG15: =+AB15*AF15 -> 0 | AH15: =+AC15*AF15 -> 0 | AI15: =+AD15*AF15 -> 0 | AJ15: =+AE15*AF15 -> 0 | AK15: =+ROUND(AG15,2) -> 0 | AL15: =+ROUND(AH15,2) -> 0 | AM15: =+ROUND(AI15,2) -> 0 | AN15: =+ROUND(AJ15,2) -> 0 | AO15: =+AK15+AL15-AN15+AM15 -> 0
A19: =1+A15 -> 5 | G19: =+E19 -> 0 | H19: =+AL19+AM19 -> 0 | I19: =+AC19+AD19 -> 0 | K19: =+AF19 -> 0 | L19: =+AL19 -> 0 | M19: 101 | Q19: 103 | S19: =(RIGHT(O19,7)) | U19: RC005 | V19: C001 | W19: =+AK19 -> 0 | X19: =+AL19 -> 0 | Y19: 1 | Z19: =+G19 -> 0 | AB19: =(AC19*100)/18 -> 0 | AE19: =+AB19+AC19+AD19 -> 0 | AG19: =+AB19*AF19 -> 0 | AH19: =+AC19*AF19 -> 0 | AI19: =+AD19*AF19 -> 0 | AJ19: =+AE19*AF19 -> 0 | AK19: =+ROUND(AG19,2) -> 0 | AL19: =+ROUND(AH19,2) -> 0 | AM19: =+ROUND(AI19,2) -> 0 | AN19: =+ROUND(AJ19,2) -> 0 | AO19: =+AK19+AL19-AN19+AM19 -> 0
A23: =1+A19 -> 6 | G23: =+E23 -> 0 | H23: =+AL23+AM23 -> 0 | I23: =+AC23+AD23 -> 0 | K23: =+AF23 -> 0 | L23: =+AL23 -> 0 | M23: 101 | Q23: 103 | S23: =(RIGHT(O23,7)) | U23: RC005 | V23: C001 | W23: =+AK23 -> 0 | X23: =+AL23 -> 0 | Y23: 1 | Z23: =+G23 -> 0 | AB23: =(AC23*100)/18 -> 0 | AE23: =+AB23+AC23+AD23 -> 0 | AG23: =+AB23*AF23 -> 0 | AH23: =+AC23*AF23 -> 0 | AI23: =+AD23*AF23 -> 0 | AJ23: =+AE23*AF23 -> 0 | AK23: =+ROUND(AG23,2) -> 0 | AL23: =+ROUND(AH23,2) -> 0 | AM23: =+ROUND(AI23,2) -> 0 | AN23: =+ROUND(AJ23,2) -> 0 | AO23: =+AK23+AL23-AN23+AM23 -> 0
A27: =1+A23 -> 7 | G27: =+E27 -> 0 | H27: =+AL27+AM27 -> 0 | I27: =+AC27+AD27 -> 0 | K27: =+AF27 -> 0 | L27: =+AL27 -> 0 | M27: 101 | Q27: 103 | S27: =(RIGHT(O27,7)) | U27: RC005 | V27: C001 | W27: =+AK27 -> 0 | X27: =+AL27 -> 0 | Y27: 1 | Z27: =+G27 -> 0 | AB27: =(AC27*100)/18 -> 0 | AE27: =+AB27+AC27+AD27 -> 0 | AG27: =+AB27*AF27 -> 0 | AH27: =+AC27*AF27 -> 0 | AI27: =+AD27*AF27 -> 0 | AJ27: =+AE27*AF27 -> 0 | AK27: =+ROUND(AG27,2) -> 0 | AL27: =+ROUND(AH27,2) -> 0 | AM27: =+ROUND(AI27,2) -> 0 | AN27: =+ROUND(AJ27,2) -> 0 | AO27: =+AK27+AL27-AN27+AM27 -> 0
A31: =1+A27 -> 8 | G31: =+E31 -> 0 | H31: =+AL31+AM31 -> 0 | I31: =+AC31+AD31 -> 0 | K31: =+AF31 -> 0 | L31: =+AL31 -> 0 | M31: 101 | Q31: 103 | S31: =(RIGHT(O31,7)) | U31: RC005 | V31: C001 | W31: =+AK31 -> 0 | X31: =+AL31 -> 0 | Y31: 1 | Z31: =+G31 -> 0 | AB31: =(AC31*100)/18 -> 0 | AE31: =+AB31+AC31+AD31 -> 0 | AG31: =+AB31*AF31 -> 0 | AH31: =+AC31*AF31 -> 0 | AI31: =+AD31*AF31 -> 0 | AJ31: =+AE31*AF31 -> 0 | AK31: =+ROUND(AG31,2) -> 0 | AL31: =+ROUND(AH31,2) -> 0 | AM31: =+ROUND(AI31,2) -> 0 | AN31: =+ROUND(AJ31,2) -> 0 | AO31: =+AK31+AL31-AN31+AM31 -> 0
A35: =1+A31 -> 9 | G35: =+E35 -> 0 | H35: =+AL35+AM35 -> 0 | I35: =+AC35+AD35 -> 0 | K35: =+AF35 -> 0 | L35: =+AL35 -> 0 | M35: 101 | Q35: 103 | S35: =(RIGHT(O35,7)) | U35: RC005 | V35: C001 | W35: =+AK35 -> 0 | X35: =+AL35 -> 0 | Y35: 1 | Z35: =+G35 -> 0 | AB35: =(AC35*100)/18 -> 0 | AE35: =+AB35+AC35+AD35 -> 0 | AG35: =+AB35*AF35 -> 0 | AH35: =+AC35*AF35 -> 0 | AI35: =+AD35*AF35 -> 0 | AJ35: =+AE35*AF35 -> 0 | AK35: =+ROUND(AG35,2) -> 0 | AL35: =+ROUND(AH35,2) -> 0 | AM35: =+ROUND(AI35,2) -> 0 | AN35: =+ROUND(AJ35,2) -> 0 | AO35: =+AK35+AL35-AN35+AM35 -> 0
A39: =1+A35 -> 10 | G39: =+E39 -> 0 | H39: =+AL39+AM39 -> 0 | I39: =+AC39+AD39 -> 0 | K39: =+AF39 -> 0 | L39: =+AL39 -> 0 | M39: 101 | Q39: 103 | S39: =(RIGHT(O39,7)) | U39: RC005 | V39: C001 | W39: =+AK39 -> 0 | X39: =+AL39 -> 0 | Y39: 1 | Z39: =+G39 -> 0 | AB39: =(AC39*100)/18 -> 0 | AE39: =+AB39+AC39+AD39 -> 0 | AG39: =+AB39*AF39 -> 0 | AH39: =+AC39*AF39 -> 0 | AI39: =+AD39*AF39 -> 0 | AJ39: =+AE39*AF39 -> 0 | AK39: =+ROUND(AG39,2) -> 0 | AL39: =+ROUND(AH39,2) -> 0 | AM39: =+ROUND(AI39,2) -> 0 | AN39: =+ROUND(AJ39,2) -> 0 | AO39: =+AK39+AL39-AN39+AM39 -> 0
A43: =1+A39 -> 11 | G43: =+E43 -> 0 | H43: =+AL43+AM43 -> 0 | I43: =+AC43+AD43 -> 0 | K43: =+AF43 -> 0 | L43: =+AL43 -> 0 | M43: 101 | Q43: 103 | S43: =(RIGHT(O43,7)) | U43: RC005 | V43: C001 | W43: =+AK43 -> 0 | X43: =+AL43 -> 0 | Y43: 1 | Z43: =+G43 -> 0 | AB43: =(AC43*100)/18 -> 0 | AE43: =+AB43+AC43+AD43 -> 0 | AG43: =+AB43*AF43 -> 0 | AH43: =+AC43*AF43 -> 0 | AI43: =+AD43*AF43 -> 0 | AJ43: =+AE43*AF43 -> 0 | AK43: =+ROUND(AG43,2) -> 0 | AL43: =+ROUND(AH43,2) -> 0 | AM43: =+ROUND(AI43,2) -> 0 | AN43: =+ROUND(AJ43,2) -> 0 | AO43: =+AK43+AL43-AN43+AM43 -> 0
A47: =1+A43 -> 12 | G47: =+E47 -> 0 | H47: =+AL47+AM47 -> 0 | I47: =+AC47+AD47 -> 0 | K47: =+AF47 -> 0 | L47: =+AL47 -> 0 | M47: 101 | Q47: 103 | S47: =(RIGHT(O47,7)) | U47: RC005 | V47: C001 | W47: =+AK47 -> 0 | X47: =+AL47 -> 0 | Y47: 1 | Z47: =+G47 -> 0 | AB47: =(AC47*100)/18 -> 0 | AE47: =+AB47+AC47+AD47 -> 0 | AG47: =+AB47*AF47 -> 0 | AH47: =+AC47*AF47 -> 0 | AI47: =+AD47*AF47 -> 0 | AJ47: =+AE47*AF47 -> 0 | AK47: =+ROUND(AG47,2) -> 0 | AL47: =+ROUND(AH47,2) -> 0 | AM47: =+ROUND(AI47,2) -> 0 | AN47: =+ROUND(AJ47,2) -> 0 | AO47: =+AK47+AL47-AN47+AM47 -> 0
A51: =1+A47 -> 13 | G51: =+E51 -> 0 | H51: =+AL51+AM51 -> 0 | I51: =+AC51+AD51 -> 0 | K51: =+AF51 -> 0 | L51: =+AL51 -> 0 | M51: 101 | Q51: 103 | S51: =(RIGHT(O51,7)) | U51: RC005 | V51: C001 | W51: =+AK51 -> 0 | X51: =+AL51 -> 0 | Y51: 1 | Z51: =+G51 -> 0 | AB51: =(AC51*100)/18 -> 0 | AE51: =+AB51+AC51+AD51 -> 0 | AG51: =+AB51*AF51 -> 0 | AH51: =+AC51*AF51 -> 0 | AI51: =+AD51*AF51 -> 0 | AJ51: =+AE51*AF51 -> 0 | AK51: =+ROUND(AG51,2) -> 0 | AL51: =+ROUND(AH51,2) -> 0 | AM51: =+ROUND(AI51,2) -> 0 | AN51: =+ROUND(AJ51,2) -> 0 | AO51: =+AK51+AL51-AN51+AM51 -> 0
... A179: =1+A175 -> 45 | G179: =+E179 -> 0 | H179: =+AL179+AM179 -> 0 | I179: =+AC179+AD179 -> 0 | K179: =+AF179 -> 0 | L179: =+AL179 -> 0 | M179: 101 | Q179: 103 | S179: =(RIGHT(O179,7)) | U179: RC005 | V179: C001 | W179: =+AK179 -> 0 | X179: =+AL179 -> 0 | Y179: 1 | Z179: =+G179 -> 0 | AB179: =(AC179*100)/18 -> 0 | AE179: =+AB179+AC179+AD179 -> 0 | AG179: =+AB179*AF179 -> 0 | AH179: =+AC179*AF179 -> 0 | AI179: =+AD179*AF179 -> 0 | AJ179: =+AE179*AF179 -> 0 | AK179: =+ROUND(AG179,2) -> 0 | AL179: =+ROUND(AH179,2) -> 0 | AM179: =+ROUND(AI179,2) -> 0 | AN179: =+ROUND(AJ179,2) -> 0 | AO179: =+AK179+AL179-AN179+AM179 -> 0

Sheet asiento conta
B1: cta | C1: cc | D1: linea | E1: nit | F1: TDW | G1: importe soles | H1: importe dol | I1: cod moneda | J1: glosa | K1: fecha | L1: nit cliente | M1: serie y correlatico | N1: cod trans
A2: 1 | B2: =+'libro compras'!$AK$1 -> 281110 | C2: =+'libro compras'!Q3 -> 103 | E2: =+'libro compras'!S3 | G2: =+'libro compras'!AM3 -> 0 | I2: 00 | J2: =+CONCATENATE('libro compras'!C3," ",'libro compras'!D3) | K2: =+'libro compras'!F3 -> 0 | L2: =+'libro compras'!C3 -> 0 | M2: =+'libro compras'!D3 -> 0 | N2: FC_LC
A3: 1 | B3: =+'libro compras'!$AL$1 -> 401110 | C3: =+C2 -> 103 | E3: =+E2 | G3: =+'libro compras'!L3 -> 0 | I3: 00 | J3: =+J2 | K3: =+K2 -> 0 | L3: =+L2 -> 0 | M3: =+M2 -> 0 | N3: FC_LC
A4: 1 | B4: =+'libro compras'!$AN$1 -> 421202 | C4: =+C3 -> 103 | E4: =+E3 | G4: =-'libro compras'!H3 -> 0 | I4: 01 | J4: =+J3 | K4: =+K3 -> 0 | L4: =+L3 -> 0 | M4: =+M3 -> 0 | N4: FC_LC
A5: 1 | B5: =+'libro compras'!$AB$1 -> 0131 | C5: =+C4 -> 103 | E5: =+E4 | G5: =-'libro compras'!I3 -> 0 | I5: 01 | J5: =+J4 | K5: =+K4 -> 0 | L5: =+L4 -> 0 | M5: =+M4 -> 0 | N5: FC_LC
A6: =+A2+1 -> 2 | B6: =+'libro compras'!$AK$1 -> 281110 | C6: =+'libro compras'!Q7 -> 103 | E6: =+'libro compras'!S7 | G6: =+'libro compras'!AM7 -> 0 | I6: 00 | J6: =+CONCATENATE('libro compras'!C7," ",'libro compras'!D7) | K6: =+'libro compras'!F7 -> 0 | L6: =+'libro compras'!C7 -> 0 | M6: =+'libro compras'!D7 -> 0 | N6: FC_LC
A7: =+A6 -> 2 | B7: =+'libro compras'!$AL$1 -> 401110 | C7: =+C6 -> 103 | E7: =+E6 | G7: =+'libro compras'!L7 -> 0 | I7: 00 | J7: =+J6 | K7: =+K6 -> 0 | L7: =+L6 -> 0 | M7: =+M6 -> 0 | N7: FC_LC
A8: =+A7 -> 2 | B8: =+'libro compras'!$AN$1 -> 421202 | C8: =+C7 -> 103 | E8: =+E7 | G8: =-'libro compras'!H7 -> 0 | I8: 01 | J8: =+J7 | K8: =+K7 -> 0 | L8: =+L7 -> 0 | M8: =+M7 -> 0 | N8: FC_LC
A9: =+A8 -> 2 | B9: =+'libro compras'!$AB$1 -> 0131 | C9: =+C8 -> 103 | E9: =+E8 | G9: =-'libro compras'!I7 -> 0 | I9: 01 | J9: =+J8 | K9: =+K8 -> 0 | L9: =+L8 -> 0 | M9: =+M8 -> 0 | N9: FC_LC
A10: =1+A6 -> 3 | B10: =+'libro compras'!$AK$1 -> 281110 | C10: =+'libro compras'!Q11 -> 103 | E10: =+'libro compras'!S11 | G10: =+'libro compras'!AM11 -> 0 | I10: 00 | J10: =+CONCATENATE('libro compras'!C11," ",'libro compras'!D11) | K10: =+'libro compras'!F11 -> 0 | L10: =+'libro compras'!C11 -> 0 | M10: =+'libro compras'!D11 -> 0 | N10: FC_LC
A11: =+A10 -> 3 | B11: =+'libro compras'!$AL$1 -> 401110 | C11: =+C10 -> 103 | E11: =+E10 | G11: =+'libro compras'!L11 -> 0 | I11: 00 | J11: =+J10 | K11: =+K10 -> 0 | L11: =+L10 -> 0 | M11: =+M10 -> 0 | N11: FC_LC
A12: =+A11 -> 3 | B12: =+'libro compras'!$AN$1 -> 421202 | C12: =+C11 -> 103 | E12: =+E11 | G12: =-'libro compras'!H11 -> 0 | I12: 01 | J12: =+J11 | K12: =+K11 -> 0 | L12: =+L11 -> 0 | M12: =+M11 -> 0 | N12: FC_LC
A13: =+A12 -> 3 | B13: =+'libro compras'!$AB$1 -> 0131 | C13: =+C12 -> 103 | E13: =+E12 | G13: =-'libro compras'!I11 -> 0 | I13: 01 | J13: =+J12 | K13: =+K12 -> 0 | L13: =+L12 -> 0 | M13: =+M12 -> 0 | N13: FC_LC
A14: =1+A10 -> 4 | B14: =+'libro compras'!$AK$1 -> 281110 | C14: =+'libro compras'!Q15 -> 103 | E14: =+'libro compras'!S15 | G14: =+'libro compras'!AM15 -> 0 | I14: 00 | J14: =+CONCATENATE('libro compras'!C15," ",'libro compras'!D15) | K14: =+'libro compras'!F15 -> 0 | L14: =+'libro compras'!C15 -> 0 | M14: =+'libro compras'!D15 -> 0 | N14: FC_LC
A15: =+A14 -> 4 | B15: =+'libro compras'!$AL$1 -> 401110 | C15: =+C14 -> 103 | E15: =+E14 | G15: =+'libro compras'!L15 -> 0 | I15: 00 | J15: =+J14 | K15: =+K14 -> 0 | L15: =+L14 -> 0 | M15: =+M14 -> 0 | N15: FC_LC
A16: =+A15 -> 4 | B16: =+'libro compras'!$AN$1 -> 421202 | C16: =+C15 -> 103 | E16: =+E15 | G16: =-'libro compras'!H15 -> 0 | I16: 01 | J16: =+J15 | K16: =+K15 -> 0 | L16: =+L15 -> 0 | M16: =+M15 -> 0 | N16: FC_LC
A17: =+A16 -> 4 | B17: =+'libro compras'!$AB$1 -> 0131 | C17: =+C16 -> 103 | E17: =+E16 | G17: =-'libro compras'!I15 -> 0 | I17: 01 | J17: =+J16 | K17: =+K16 -> 0 | L17: =+L16 -> 0 | M17: =+M16 -> 0 | N17: FC_LC
A18: =1+A14 -> 5 | B18: =+'libro compras'!$AK$1 -> 281110 | C18: =+'libro compras'!Q19 -> 103 | E18: =+'libro compras'!S19 | G18: =+'libro compras'!AM19 -> 0 | I18: 00 | J18: =+CONCATENATE('libro compras'!C19," ",'libro compras'!D19) | K18: =+'libro compras'!F19 -> 0 | L18: =+'libro compras'!C19 -> 0 | M18: =+'libro compras'!D19 -> 0 | N18: FC_LC
A19: =+A18 -> 5 | B19: =+'libro compras'!$AL$1 -> 401110 | C19: =+C18 -> 103 | E19: =+E18 | G19: =+'libro compras'!L19 -> 0 | I19: 00 | J19: =+J18 | K19: =+K18 -> 0 | L19: =+L18 -> 0 | M19: =+M18 -> 0 | N19: FC_LC
A20: =+A19 -> 5 | B20: =+'libro compras'!$AN$1 -> 421202 | C20: =+C19 -> 103 | E20: =+E19 | G20: =-'libro compras'!H19 -> 0 | I20: 01 | J20: =+J19 | K20: =+K19 -> 0 | L20: =+L19 -> 0 | M20: =+M19 -> 0 | N20: FC_LC
A21: =+A20 -> 5 | B21: =+'libro compras'!$AB$1 -> 0131 | C21: =+C20 -> 103 | E21: =+E20 | G21: =-'libro compras'!I19 -> 0 | I21: 01 | J21: =+J20 | K21: =+K20 -> 0 | L21: =+L20 -> 0 | M21: =+M20 -> 0 | N21: FC_LC
A22: =1+A18 -> 6 | B22: =+'libro compras'!$AK$1 -> 281110 | C22: =+'libro compras'!Q23 -> 103 | E22: =+'libro compras'!S23 | G22: =+'libro compras'!AM23 -> 0 | I22: 00 | J22: =+CONCATENATE('libro compras'!C23," ",'libro compras'!D23) | K22: =+'libro compras'!F23 -> 0 | L22: =+'libro compras'!C23 -> 0 | M22: =+'libro compras'!D23 -> 0 | N22: FC_LC
A23: =+A22 -> 6 | B23: =+'libro compras'!$AL$1 -> 401110 | C23: =+C22 -> 103 | E23: =+E22 | G23: =+'libro compras'!L23 -> 0 | I23: 00 | J23: =+J22 | K23: =+K22 -> 0 | L23: =+L22 -> 0 | M23: =+M22 -> 0 | N23: FC_LC
A24: =+A23 -> 6 | B24: =+'libro compras'!$AN$1 -> 421202 | C24: =+C23 -> 103 | E24: =+E23 | G24: =-'libro compras'!H23 -> 0 | I24: 01 | J24: =+J23 | K24: =+K23 -> 0 | L24: =+L23 -> 0 | M24: =+M23 -> 0 | N24: FC_LC
A25: =+A24 -> 6 | B25: =+'libro compras'!$AB$1 -> 0131 | C25: =+C24 -> 103 | E25: =+E24 | G25: =-'libro compras'!I23 -> 0 | I25: 01 | J25: =+J24 | K25: =+K24 -> 0 | L25: =+L24 -> 0 | M25: =+M24 -> 0 | N25: FC_LC
A26: =1+A22 -> 7 | B26: =+'libro compras'!$AK$1 -> 281110 | C26: =+'libro compras'!Q27 -> 103 | E26: =+'libro compras'!S27 | G26: =+'libro compras'!AM27 -> 0 | I26: 00 | J26: =+CONCATENATE('libro compras'!C27," ",'libro compras'!D27) | K26: =+'libro compras'!F27 -> 0 | L26: =+'libro compras'!C27 -> 0 | M26: =+'libro compras'!D27 -> 0 | N26: FC_LC
A27: =+A26 -> 7 | B27: =+'libro compras'!$AL$1 -> 401110 | C27: =+C26 -> 103 | E27: =+E26 | G27: =+'libro compras'!L27 -> 0 | I27: 00 | J27: =+J26 | K27: =+K26 -> 0 | L27: =+L26 -> 0 | M27: =+M26 -> 0 | N27: FC_LC
A28: =+A27 -> 7 | B28: =+'libro compras'!$AN$1 -> 421202 | C28: =+C27 -> 103 | E28: =+E27 | G28: =-'libro compras'!H27 -> 0 | I28: 01 | J28: =+J27 | K28: =+K27 -> 0 | L28: =+L27 -> 0 | M28: =+M27 -> 0 | N28: FC_LC
A29: =+A28 -> 7 | B29: =+'libro compras'!$AB$1 -> 0131 | C29: =+C28 -> 103 | E29: =+E28 | G29: =-'libro compras'!I27 -> 0 | I29: 01 | J29: =+J28 | K29: =+K28 -> 0 | L29: =+L28 -> 0 | M29: =+M28 -> 0 | N29: FC_LC
A30: =1+A26 -> 8 | B30: =+'libro compras'!$AK$1 -> 281110 | C30: =+'libro compras'!Q31 -> 103 | E30: =+'libro compras'!S31 | G30: =+'libro compras'!AM31 -> 0 | I30: 00 | J30: =+CONCATENATE('libro compras'!C31," ",'libro compras'!D31) | K30: =+'libro compras'!F31 -> 0 | L30: =+'libro compras'!C31 -> 0 | M30: =+'libro compras'!D31 -> 0 | N30: FC_LC
A31: =+A30 -> 8 | B31: =+'libro compras'!$AL$1 -> 401110 | C31: =+C30 -> 103 | E31: =+E30 | G31: =+'libro compras'!L31 -> 0 | I31: 00 | J31: =+J30 | K31: =+K30 -> 0 | L31: =+L30 -> 0 | M31: =+M30 -> 0 | N31: FC_LC
A32: =+A31 -> 8 | B32: =+'libro compras'!$AN$1 -> 421202 | C32: =+C31 -> 103 | E32: =+E31 | G32: =-'libro compras'!H31 -> 0 | I32: 01 | J32: =+J31 | K32: =+K31 -> 0 | L32: =+L31 -> 0 | M32: =+M31 -> 0 | N32: FC_LC
A33: =+A32 -> 8 | B33: =+'libro compras'!$AB$1 -> 0131 | C33: =+C32 -> 103 | E33: =+E32 | G33: =-'libro compras'!I31 -> 0 | I33: 01 | J33: =+J32 | K33: =+K32 -> 0 | L33: =+L32 -> 0 | M33: =+M32 -> 0 | N33: FC_LC
A34: =1+A30 -> 9 | B34: =+'libro compras'!$AK$1 -> 281110 | C34: =+'libro compras'!Q35 -> 103 | E34: =+'libro compras'!S35 | G34: =+'libro compras'!AM35 -> 0 | I34: 00 | J34: =+CONCATENATE('libro compras'!C35," ",'libro compras'!D35) | K34: =+'libro compras'!F35 -> 0 | L34: =+'libro compras'!C35 -> 0 | M34: =+'libro compras'!D35 -> 0 | N34: FC_LC
A35: =+A34 -> 9 | B35: =+'libro compras'!$AL$1 -> 401110 | C35: =+C34 -> 103 | E35: =+E34 | G35: =+'libro compras'!L35 -> 0 | I35: 00 | J35: =+J34 | K35: =+K34 -> 0 | L35: =+L34 -> 0 | M35: =+M34 -> 0 | N35: FC_LC
A36: =+A35 -> 9 | B36: =+'libro compras'!$AN$1 -> 421202 | C36: =+C35 -> 103 | E36: =+E35 | G36: =-'libro compras'!H35 -> 0 | I36: 01 | J36: =+J35 | K36: =+K35 -> 0 | L36: =+L35 -> 0 | M36: =+M35 -> 0 | N36: FC_LC
A37: =+A36 -> 9 | B37: =+'libro compras'!$AB$1 -> 0131 | C37: =+C36 -> 103 | E37: =+E36 | G37: =-'libro compras'!I35 -> 0 | I37: 01 | J37: =+J36 | K37: =+K36 -> 0 | L37: =+L36 -> 0 | M37: =+M36 -> 0 | N37: FC_LC
A38: =1+A34 -> 10 | B38: =+'libro compras'!$AK$1 -> 281110 | C38: =+'libro compras'!Q39 -> 103 | E38: =+'libro compras'!S39 | G38: =+'libro compras'!AM39 -> 0 | I38: 00 | J38: =+CONCATENATE('libro compras'!C39," ",'libro compras'!D39) | K38: =+'libro compras'!F39 -> 0 | L38: =+'libro compras'!C39 -> 0 | M38: =+'libro compras'!D39 -> 0 | N38: FC_LC
A39: =+A38 -> 10 | B39: =+'libro compras'!$AL$1 -> 401110 | C39: =+C38 -> 103 | E39: =+E38 | G39: =+'libro compras'!L39 -> 0 | I39: 00 | J39: =+J38 | K39: =+K38 -> 0 | L39: =+L38 -> 0 | M39: =+M38 -> 0 | N39: FC_LC
A40: =+A39 -> 10 | B40: =+'libro compras'!$AN$1 -> 421202 | C40: =+C39 -> 103 | E40: =+E39 | G40: =-'libro compras'!H39 -> 0 | I40: 01 | J40: =+J39 | K40: =+K39 -> 0 | L40: =+L39 -> 0 | M40: =+M39 -> 0 | N40: FC_LC
A41: =+A40 -> 10 | B41: =+'libro compras'!$AB$1 -> 0131 | C41: =+C40 -> 103 | E41: =+E40 | G41: =-'libro compras'!I39 -> 0 | I41: 01 | J41: =+J40 | K41: =+K40 -> 0 | L41: =+L40 -> 0 | M41: =+M40 -> 0 | N41: FC_LC
A42: =1+A38 -> 11 | B42: =+'libro compras'!$AK$1 -> 281110 | C42: =+'libro compras'!Q43 -> 103 | E42: =+'libro compras'!S43 | G42: =+'libro compras'!AM43 -> 0 | I42: 00 | J42: =+CONCATENATE('libro compras'!C43," ",'libro compras'!D43) | K42: =+'libro compras'!F43 -> 0 | L42: =+'libro compras'!C43 -> 0 | M42: =+'libro compras'!D43 -> 0 | N42: FC_LC
A43: =+A42 -> 11 | B43: =+'libro compras'!$AL$1 -> 401110 | C43: =+C42 -> 103 | E43: =+E42 | G43: =+'libro compras'!L43 -> 0 | I43: 00 | J43: =+J42 | K43: =+K42 -> 0 | L43: =+L42 -> 0 | M43: =+M42 -> 0 | N43: FC_LC
A44: =+A43 -> 11 | B44: =+'libro compras'!$AN$1 -> 421202 | C44: =+C43 -> 103 | E44: =+E43 | G44: =-'libro compras'!H43 -> 0 | I44: 01 | J44: =+J43 | K44: =+K43 -> 0 | L44: =+L43 -> 0 | M44: =+M43 -> 0 | N44: FC_LC
A45: =+A44 -> 11 | B45: =+'libro compras'!$AB$1 -> 0131 | C45: =+C44 -> 103 | E45: =+E44 | G45: =-'libro compras'!I43 -> 0 | I45: 01 | J45: =+J44 | K45: =+K44 -> 0 | L45: =+L44 -> 0 | M45: =+M44 -> 0 | N45: FC_LC
A46: =1+A42 -> 12 | B46: =+'libro compras'!$AK$1 -> 281110 | C46: =+'libro compras'!Q47 -> 103 | E46: =+'libro compras'!S47 | G46: =+'libro compras'!AM47 -> 0 | I46: 00 | J46: =+CONCATENATE('libro compras'!C47," ",'libro compras'!D47) | K46: =+'libro compras'!F47 -> 0 | L46: =+'libro compras'!C47 -> 0 | M46: =+'libro compras'!D47 -> 0 | N46: FC_LC
A47: =+A46 -> 12 | B47: =+'libro compras'!$AL$1 -> 401110 | C47: =+C46 -> 103 | E47: =+E46 | G47: =+'libro compras'!L47 -> 0 | I47: 00 | J47: =+J46 | K47: =+K46 -> 0 | L47: =+L46 -> 0 | M47: =+M46 -> 0 | N47: FC_LC
A48: =+A47 -> 12 | B48: =+'libro compras'!$AN$1 -> 421202 | C48: =+C47 -> 103 | E48: =+E47 | G48: =-'libro compras'!H47 -> 0 | I48: 01 | J48: =+J47 | K48: =+K47 -> 0 | L48: =+L47 -> 0 | M48: =+M47 -> 0 | N48: FC_LC
A49: =+A48 -> 12 | B49: =+'libro compras'!$AB$1 -> 0131 | C49: =+C48 -> 103 | E49: =+E48 | G49: =-'libro compras'!I47 -> 0 | I49: 01 | J49: =+J48 | K49: =+K48 -> 0 | L49: =+L48 -> 0 | M49: =+M48 -> 0 | N49: FC_LC
A50: =1+A46 -> 13 | B50: =+'libro compras'!$AK$1 -> 281110 | C50: =+'libro compras'!Q51 -> 103 | E50: =+'libro compras'!S51 | G50: =+'libro compras'!AM51 -> 0 | I50: 00 | J50: =+CONCATENATE('libro compras'!C51," ",'libro compras'!D51) | K50: =+'libro compras'!F51 -> 0 | L50: =+'libro compras'!C51 -> 0 | M50: =+'libro compras'!D51 -> 0 | N50: FC_LC
A51: =+A50 -> 13 | B51: =+'libro compras'!$AL$1 -> 401110 | C51: =+C50 -> 103 | E51: =+E50 | G51: =+'libro compras'!L51 -> 0 | I51: 00 | J51: =+J50 | K51: =+K50 -> 0 | L51: =+L50 -> 0 | M51: =+M50 -> 0 | N51: FC_LC
A52: =+A51 -> 13 | B52: =+'libro compras'!$AN$1 -> 421202 | C52: =+C51 -> 103 | E52: =+E51 | G52: =-'libro compras'!H51 -> 0 | I52: 01 | J52: =+J51 | K52: =+K51 -> 0 | L52: =+L51 -> 0 | M52: =+M51 -> 0 | N52: FC_LC
A53: =+A52 -> 13 | B53: =+'libro compras'!$AB$1 -> 0131 | C53: =+C52 -> 103 | E53: =+E52 | G53: =-'libro compras'!I51 -> 0 | I53: 01 | J53: =+J52 | K53: =+K52 -> 0 | L53: =+L52 -> 0 | M53: =+M52 -> 0 | N53: FC_LC
A54: =1+A50 -> 14 | B54: =+'libro compras'!$AK$1 -> 281110 | C54: =+'libro compras'!Q55 -> 103 | E54: =+'libro compras'!S55 | G54: =+'libro compras'!AM55 -> 0 | I54: 00 | J54: =+CONCATENATE('libro compras'!C55," ",'libro compras'!D55) | K54: =+'libro compras'!F55 -> 0 | L54: =+'libro compras'!C55 -> 0 | M54: =+'libro compras'!D55 -> 0 | N54: FC_LC
A55: =+A54 -> 14 | B55: =+'libro compras'!$AL$1 -> 401110 | C55: =+C54 -> 103 | E55: =+E54 | G55: =+'libro compras'!L55 -> 0 | I55: 00 | J55: =+J54 | K55: =+K54 -> 0 | L55: =+L54 -> 0 | M55: =+M54 -> 0 | N55: FC_LC
A56: =+A55 -> 14 | B56: =+'libro compras'!$AN$1 -> 421202 | C56: =+C55 -> 103 | E56: =+E55 | G56: =-'libro compras'!H55 -> 0 | I56: 01 | J56: =+J55 | K56: =+K55 -> 0 | L56: =+L55 -> 0 | M56: =+M55 -> 0 | N56: FC_LC
A57: =+A56 -> 14 | B57: =+'libro compras'!$AB$1 -> 0131 | C57: =+C56 -> 103 | E57: =+E56 | G57: =-'libro compras'!I55 -> 0 | I57: 01 | J57: =+J56 | K57: =+K56 -> 0 | L57: =+L56 -> 0 | M57: =+M56 -> 0 | N57: FC_LC
A58: =1+A54 -> 15 | B58: =+'libro compras'!$AK$1 -> 281110 | C58: =+'libro compras'!Q59 -> 103 | E58: =+'libro compras'!S59 | G58: =+'libro compras'!AM59 -> 0 | I58: 00 | J58: =+CONCATENATE('libro compras'!C59," ",'libro compras'!D59) | K58: =+'libro compras'!F59 -> 0 | L58: =+'libro compras'!C59 -> 0 | M58: =+'libro compras'!D59 -> 0 | N58: FC_LC
A59: =+A58 -> 15 | B59: =+'libro compras'!$AL$1 -> 401110 | C59: =+C58 -> 103 | E59: =+E58 | G59: =+'libro compras'!L59 -> 0 | I59: 00 | J59: =+J58 | K59: =+K58 -> 0 | L59: =+L58 -> 0 | M59: =+M58 -> 0 | N59: FC_LC
A60: =+A59 -> 15 | B60: =+'libro compras'!$AN$1 -> 421202 | C60: =+C59 -> 103 | E60: =+E59 | G60: =-'libro compras'!H59 -> 0 | I60: 01 | J60: =+J59 | K60: =+K59 -> 0 | L60: =+L59 -> 0 | M60: =+M59 -> 0 | N60: FC_LC
A61: =+A60 -> 15 | B61: =+'libro compras'!$AB$1 -> 0131 | C61: =+C60 -> 103 | E61: =+E60 | G61: =-'libro compras'!I59 -> 0 | I61: 01 | J61: =+J60 | K61: =+K60 -> 0 | L61: =+L60 -> 0 | M61: =+M60 -> 0 | N61: FC_LC
A62: =1+A58 -> 16 | B62: =+'libro compras'!$AK$1 -> 281110 | C62: =+'libro compras'!Q63 -> 103 | E62: =+'libro compras'!S63 | G62: =+'libro compras'!AM63 -> 0 | I62: 00 | J62: =+CONCATENATE('libro compras'!C63," ",'libro compras'!D63) | K62: =+'libro compras'!F63 -> 0 | L62: =+'libro compras'!C63 -> 0 | M62: =+'libro compras'!D63 -> 0 | N62: FC_LC
A63: =+A62 -> 16 | B63: =+'libro compras'!$AL$1 -> 401110 | C63: =+C62 -> 103 | E63: =+E62 | G63: =+'libro compras'!L63 -> 0 | I63: 00 | J63: =+J62 | K63: =+K62 -> 0 | L63: =+L62 -> 0 | M63: =+M62 -> 0 | N63: FC_LC
A64: =+A63 -> 16 | B64: =+'libro compras'!$AN$1 -> 421202 | C64: =+C63 -> 103 | E64: =+E63 | G64: =-'libro compras'!H63 -> 0 | I64: 01 | J64: =+J63 | K64: =+K63 -> 0 | L64: =+L63 -> 0 | M64: =+M63 -> 0 | N64: FC_LC
A65: =+A64 -> 16 | B65: =+'libro compras'!$AB$1 -> 0131 | C65: =+C64 -> 103 | E65: =+E64 | G65: =-'libro compras'!I63 -> 0 | I65: 01 | J65: =+J64 | K65: =+K64 -> 0 | L65: =+L64 -> 0 | M65: =+M64 -> 0 | N65: FC_LC
A66: =1+A62 -> 17 | B66: =+'libro compras'!$AK$1 -> 281110 | C66: =+'libro compras'!Q67 -> 103 | E66: =+'libro compras'!S67 | G66: =+'libro compras'!AM67 -> 0 | I66: 00 | J66: =+CONCATENATE('libro compras'!C67," ",'libro compras'!D67) | K66: =+'libro compras'!F67 -> 0 | L66: =+'libro compras'!C67 -> 0 | M66: =+'libro compras'!D67 -> 0 | N66: FC_LC
A67: =+A66 -> 17 | B67: =+'libro compras'!$AL$1 -> 401110 | C67: =+C66 -> 103 | E67: =+E66 | G67: =+'libro compras'!L67 -> 0 | I67: 00 | J67: =+J66 | K67: =+K66 -> 0 | L67: =+L66 -> 0 | M67: =+M66 -> 0 | N67: FC_LC
A68: =+A67 -> 17 | B68: =+'libro compras'!$AN$1 -> 421202 | C68: =+C67 -> 103 | E68: =+E67 | G68: =-'libro compras'!H67 -> 0 | I68: 01 | J68: =+J67 | K68: =+K67 -> 0 | L68: =+L67 -> 0 | M68: =+M67 -> 0 | N68: FC_LC
A69: =+A68 -> 17 | B69: =+'libro compras'!$AB$1 -> 0131 | C69: =+C68 -> 103 | E69: =+E68 | G69: =-'libro compras'!I67 -> 0 | I69: 01 | J69: =+J68 | K69: =+K68 -> 0 | L69: =+L68 -> 0 | M69: =+M68 -> 0 | N69: FC_LC
A70: =1+A66 -> 18 | B70: =+'libro compras'!$AK$1 -> 281110 | C70: =+'libro compras'!Q71 -> 103 | E70: =+'libro compras'!S71 | G70: =+'libro compras'!AM71 -> 0 | I70: 00 | J70: =+CONCATENATE('libro compras'!C71," ",'libro compras'!D71) | K70: =+'libro compras'!F71 -> 0 | L70: =+'libro compras'!C71 -> 0 | M70: =+'libro compras'!D71 -> 0 | N70: FC_LC
A71: =+A70 -> 18 | B71: =+'libro compras'!$AL$1 -> 401110 | C71: =+C70 -> 103 | E71: =+E70 | G71: =+'libro compras'!L71 -> 0 | I71: 00 | J71: =+J70 | K71: =+K70 -> 0 | L71: =+L70 -> 0 | M71: =+M70 -> 0 | N71: FC_LC
A72: =+A71 -> 18 | B72: =+'libro compras'!$AN$1 -> 421202 | C72: =+C71 -> 103 | E72: =+E71 | G72: =-'libro compras'!H71 -> 0 | I72: 01 | J72: =+J71 | K72: =+K71 -> 0 | L72: =+L71 -> 0 | M72: =+M71 -> 0 | N72: FC_LC
A73: =+A72 -> 18 | B73: =+'libro compras'!$AB$1 -> 0131 | C73: =+C72 -> 103 | E73: =+E72 | G73: =-'libro compras'!I71 -> 0 | I73: 01 | J73: =+J72 | K73: =+K72 -> 0 | L73: =+L72 -> 0 | M73: =+M72 -> 0 | N73: FC_LC
A74: =1+A70 -> 19 | B74: =+'libro compras'!$AK$1 -> 281110 | C74: =+'libro compras'!Q75 -> 103 | E74: =+'libro compras'!S75 | G74: =+'libro compras'!AM75 -> 0 | I74: 00 | J74: =+CONCATENATE('libro compras'!C75," ",'libro compras'!D75) | K74: =+'libro compras'!F75 -> 0 | L74: =+'libro compras'!C75 -> 0 | M74: =+'libro compras'!D75 -> 0 | N74: FC_LC
A75: =+A74 -> 19 | B75: =+'libro compras'!$AL$1 -> 401110 | C75: =+C74 -> 103 | E75: =+E74 | G75: =+'libro compras'!L75 -> 0 | I75: 00 | J75: =+J74 | K75: =+K74 -> 0 | L75: =+L74 -> 0 | M75: =+M74 -> 0 | N75: FC_LC
A76: =+A75 -> 19 | B76: =+'libro compras'!$AN$1 -> 421202 | C76: =+C75 -> 103 | E76: =+E75 | G76: =-'libro compras'!H75 -> 0 | I76: 01 | J76: =+J75 | K76: =+K75 -> 0 | L76: =+L75 -> 0 | M76: =+M75 -> 0 | N76: FC_LC
A77: =+A76 -> 19 | B77: =+'libro compras'!$AB$1 -> 0131 | C77: =+C76 -> 103 | E77: =+E76 | G77: =-'libro compras'!I75 -> 0 | I77: 01 | J77: =+J76 | K77: =+K76 -> 0 | L77: =+L76 -> 0 | M77: =+M76 -> 0 | N77: FC_LC
A78: =1+A74 -> 20 | B78: =+'libro compras'!$AK$1 -> 281110 | C78: =+'libro compras'!Q79 -> 103 | E78: =+'libro compras'!S79 | G78: =+'libro compras'!AM79 -> 0 | I78: 00 | J78: =+CONCATENATE('libro compras'!C79," ",'libro compras'!D79) | K78: =+'libro compras'!F79 -> 0 | L78: =+'libro compras'!C79 -> 0 | M78: =+'libro compras'!D79 -> 0 | N78: FC_LC
A79: =+A78 -> 20 | B79: =+'libro compras'!$AL$1 -> 401110 | C79: =+C78 -> 103 | E79: =+E78 | G79: =+'libro compras'!L79 -> 0 | I79: 00 | J79: =+J78 | K79: =+K78 -> 0 | L79: =+L78 -> 0 | M79: =+M78 -> 0 | N79: FC_LC
A80: =+A79 -> 20 | B80: =+'libro compras'!$AN$1 -> 421202 | C80: =+C79 -> 103 | E80: =+E79 | G80: =-'libro compras'!H79 -> 0 | I80: 01 | J80: =+J79 | K80: =+K79 -> 0 | L80: =+L79 -> 0 | M80: =+M79 -> 0 | N80: FC_LC
A81: =+A80 -> 20 | B81: =+'libro compras'!$AB$1 -> 0131 | C81: =+C80 -> 103 | E81: =+E80 | G81: =-'libro compras'!I79 -> 0 | I81: 01 | J81: =+J80 | K81: =+K80 -> 0 | L81: =+L80 -> 0 | M81: =+M80 -> 0 | N81: FC_LC
A82: =1+A78 -> 21 | B82: =+'libro compras'!$AK$1 -> 281110 | C82: =+'libro compras'!Q83 -> 103 | E82: =+'libro compras'!S83 | G82: =+'libro compras'!AM83 -> 0 | I82: 00 | J82: =+CONCATENATE('libro compras'!C83," ",'libro compras'!D83) | K82: =+'libro compras'!F83 -> 0 | L82: =+'libro compras'!C83 -> 0 | M82: =+'libro compras'!D83 -> 0 | N82: FC_LC
A83: =+A82 -> 21 | B83: =+'libro compras'!$AL$1 -> 401110 | C83: =+C82 -> 103 | E83: =+E82 | G83: =+'libro compras'!L83 -> 0 | I83: 00 | J83: =+J82 | K83: =+K82 -> 0 | L83: =+L82 -> 0 | M83: =+M82 -> 0 | N83: FC_LC
A84: =+A83 -> 21 | B84: =+'libro compras'!$AN$1 -> 421202 | C84: =+C83 -> 103 | E84: =+E83 | G84: =-'libro compras'!H83 -> 0 | I84: 01 | J84: =+J83 | K84: =+K83 -> 0 | L84: =+L83 -> 0 | M84: =+M83 -> 0 | N84: FC_LC
A85: =+A84 -> 21 | B85: =+'libro compras'!$AB$1 -> 0131 | C85: =+C84 -> 103 | E85: =+E84 | G85: =-'libro compras'!I83 -> 0 | I85: 01 | J85: =+J84 | K85: =+K84 -> 0 | L85: =+L84 -> 0 | M85: =+M84 -> 0 | N85: FC_LC
A86: =1+A82 -> 22 | B86: =+'libro compras'!$AK$1 -> 281110 | C86: =+'libro compras'!Q87 -> 103 | E86: =+'libro compras'!S87 | G86: =+'libro compras'!AM87 -> 0 | I86: 00 | J86: =+CONCATENATE('libro compras'!C87," ",'libro compras'!D87) | K86: =+'libro compras'!F87 -> 0 | L86: =+'libro compras'!C87 -> 0 | M86: =+'libro compras'!D87 -> 0 | N86: FC_LC
A87: =+A86 -> 22 | B87: =+'libro compras'!$AL$1 -> 401110 | C87: =+C86 -> 103 | E87: =+E86 | G87: =+'libro compras'!L87 -> 0 | I87: 00 | J87: =+J86 | K87: =+K86 -> 0 | L87: =+L86 -> 0 | M87: =+M86 -> 0 | N87: FC_LC
A88: =+A87 -> 22 | B88: =+'libro compras'!$AN$1 -> 421202 | C88: =+C87 -> 103 | E88: =+E87 | G88: =-'libro compras'!H87 -> 0 | I88: 01 | J88: =+J87 | K88: =+K87 -> 0 | L88: =+L87 -> 0 | M88: =+M87 -> 0 | N88: FC_LC
A89: =+A88 -> 22 | B89: =+'libro compras'!$AB$1 -> 0131 | C89: =+C88 -> 103 | E89: =+E88 | G89: =-'libro compras'!I87 -> 0 | I89: 01 | J89: =+J88 | K89: =+K88 -> 0 | L89: =+L88 -> 0 | M89: =+M88 -> 0 | N89: FC_LC
A90: =1+A86 -> 23 | B90: =+'libro compras'!$AK$1 -> 281110 | C90: =+'libro compras'!Q91 -> 103 | E90: =+'libro compras'!S91 | G90: =+'libro compras'!AM91 -> 0 | I90: 00 | J90: =+CONCATENATE('libro compras'!C91," ",'libro compras'!D91) | K90: =+'libro compras'!F91 -> 0 | L90: =+'libro compras'!C91 -> 0 | M90: =+'libro compras'!D91 -> 0 | N90: FC_LC
A91: =+A90 -> 23 | B91: =+'libro compras'!$AL$1 -> 401110 | C91: =+C90 -> 103 | E91: =+E90 | G91: =+'libro compras'!L91 -> 0 | I91: 00 | J91: =+J90 | K91: =+K90 -> 0 | L91: =+L90 -> 0 | M91: =+M90 -> 0 | N91: FC_LC
A92: =+A91 -> 23 | B92: =+'libro compras'!$AN$1 -> 421202 | C92: =+C91 -> 103 | E92: =+E91 | G92: =-'libro compras'!H91 -> 0 | I92: 01 | J92: =+J91 | K92: =+K91 -> 0 | L92: =+L91 -> 0 | M92: =+M91 -> 0 | N92: FC_LC
A93: =+A92 -> 23 | B93: =+'libro compras'!$AB$1 -> 0131 | C93: =+C92 -> 103 | E93: =+E92 | G93: =-'libro compras'!I91 -> 0 | I93: 01 | J93: =+J92 | K93: =+K92 -> 0 | L93: =+L92 -> 0 | M93: =+M92 -> 0 | N93: FC_LC
A94: =1+A90 -> 24 | B94: =+'libro compras'!$AK$1 -> 281110 | C94: =+'libro compras'!Q95 -> 103 | E94: =+'libro compras'!S95 | G94: =+'libro compras'!AM95 -> 0 | I94: 00 | J94: =+CONCATENATE('libro compras'!C95," ",'libro compras'!D95) | K94: =+'libro compras'!F95 -> 0 | L94: =+'libro compras'!C95 -> 0 | M94: =+'libro compras'!D95 -> 0 | N94: FC_LC
A95: =+A94 -> 24 | B95: =+'libro compras'!$AL$1 -> 401110 | C95: =+C94 -> 103 | E95: =+E94 | G95: =+'libro compras'!L95 -> 0 | I95: 00 | J95: =+J94 | K95: =+K94 -> 0 | L95: =+L94 -> 0 | M95: =+M94 -> 0 | N95: FC_LC
A96: =+A95 -> 24 | B96: =+'libro compras'!$AN$1 -> 421202 | C96: =+C95 -> 103 | E96: =+E95 | G96: =-'libro compras'!H95 -> 0 | I96: 01 | J96: =+J95 | K96: =+K95 -> 0 | L96: =+L95 -> 0 | M96: =+M95 -> 0 | N96: FC_LC
A97: =+A96 -> 24 | B97: =+'libro compras'!$AB$1 -> 0131 | C97: =+C96 -> 103 | E97: =+E96 | G97: =-'libro compras'!I95 -> 0 | I97: 01 | J97: =+J96 | K97: =+K96 -> 0 | L97: =+L96 -> 0 | M97: =+M96 -> 0 | N97: FC_LC
A98: =1+A94 -> 25 | B98: =+'libro compras'!$AK$1 -> 281110 | C98: =+'libro compras'!Q99 -> 103 | E98: =+'libro compras'!S99 | G98: =+'libro compras'!AM99 -> 0 | I98: 00 | J98: =+CONCATENATE('libro compras'!C99," ",'libro compras'!D99) | K98: =+'libro compras'!F99 -> 0 | L98: =+'libro compras'!C99 -> 0 | M98: =+'libro compras'!D99 -> 0 | N98: FC_LC
A99: =+A98 -> 25 | B99: =+'libro compras'!$AL$1 -> 401110 | C99: =+C98 -> 103 | E99: =+E98 | G99: =+'libro compras'!L99 -> 0 | I99: 00 | J99: =+J98 | K99: =+K98 -> 0 | L99: =+L98 -> 0 | M99: =+M98 -> 0 | N99: FC_LC
A100: =+A99 -> 25 | B100: =+'libro compras'!$AN$1 -> 421202 | C100: =+C99 -> 103 | E100: =+E99 | G100: =-'libro compras'!H99 -> 0 | I100: 01 | J100: =+J99 | K100: =+K99 -> 0 | L100: =+L99 -> 0 | M100: =+M99 -> 0 | N100: FC_LC
...
