Workbook

Sheet libro compras
B1: DPW PENDIENTE DE PEC | H1: S/. | I1: $ | K1: =+I3*K3 -> 0 | N1: TIPO DOC SUNAT | O1: +++¿ | Q1: 489140 | R1: 103 | T1: TIPO DOC ISCALA | AB1: 0131 | AK1: 281130 | AL1: 401110 | AN1: 421202
A2: x | B2: x | C2: COD PRVEEDOR | D2: NUMERO DE FACTURA | E2: FECHA FACT | F2: FECHA CONT | G2: FECHA VENC | H2: Importe Facturado | I2: Importe Facturado Org | J2: COD MONEDA | K2: Tipo de cambio | L2: IVA | M2: Código Banco Central | N2: Cód. de Autorización | O2: Comentarios | P2: CADENA DE CONT | Q2: CADENA DE CONT | R2: CADENA DE CONT | S2: CADENA DE CONT | T2: TIPO DE FACTURA | U2: CODIGO CARGA FISCAL | V2: Tipo IVA Código impuest | W2: Base imponible Registro impues | X2: Importe IVA Código impuest | Y2: Tipo IVA Registro impuest | Z2: Fecha Transacción Registro Impues | AB2: V.V | AC2: IGV | AD2: P.V | AE2: TC | AF2: V.V | AG2: IGV | AH2: P.V | AI2: V.V | AJ2: IGV | AK2: P.V | AL2: DIFERENCIA | AM2: FECHA FACTURA | AQ2: FECHA FACTURA | AR2: FECHA PAGO | AV2: FECHA PAGO
A3: 1 | E3: =+AQ3 | G3: =+AV3 -> 300100 | H3: =+AK3 -> 0 | I3: =+ROUND(AD3,2) -> 0 | K3: =+AE3 -> 0 | L3: =+AJ3 -> 0 | M3: 111 | Q3: 103 | S3: =+RIGHT(O3,7) | U3: RC005 | V3: C001 | W3: =+AI3 -> 0 | X3: =+AJ3 -> 0 | Y3: 1 | Z3: =+F3 -> 0 | AC3: =+AB3*0.18 -> 0 | AD3: =+AB3+AC3 -> 0 | AF3: =+AB3*AE3 -> 0 | AG3: =+AC3*AE3 -> 0 | AH3: =+AD3*AE3 -> 0 | AI3: =+ROUND(AF3,2) -> 0 | AJ3: =+ROUND(AG3,2) -> 0 | AK3: =+AI3+AJ3 -> 0 | AL3: =+AI3+AJ3-AK3 -> 0 | AN3: =+LEFT(AM3,2) | AO3: =+MID(AM3,4,2) | AP3: =+RIGHT(AM3,2) | AQ3: =+CONCATENATE(AN3,AO3,AP3) | AR3: =+AM3+30 -> 30 | AS3: =+DAY(AR3) -> 30 | AT3: =+MONTH(AR3) -> 1 | AU3: =+YEAR(AR3) -> 1900 | AV3: =+CONCATENATE(TEXT(AS3,"00"),TEXT(AT3,"00"),RIGHT(AU3,2)) -> 300100
A7: =1+A3 -> 2 | E7: =+AQ7 | G7: =+AV7 -> 300100 | H7: =+AK7 -> 0 | I7: =+ROUND(AD7,2) -> 0 | K7: =+AE7 -> 0 | L7: =+AJ7 -> 0 | M7: 111 | Q7: 103 | S7: =+RIGHT(O7,7) | U7: RC005 | V7: C001 | W7: =+AI7 -> 0 | X7: =+AJ7 -> 0 | Y7: 1 | Z7: =+F7 -> 0 | AC7: =+AB7*0.18 -> 0 | AD7: =+AB7+AC7 -> 0 | AF7: =+AB7*AE7 -> 0 | AG7: =+AC7*AE7 -> 0 | AH7: =+AD7*AE7 -> 0 | AI7: =+ROUND(AF7,2) -> 0 | AJ7: =+ROUND(AG7,2) -> 0 | AK7: =+AI7+AJ7 -> 0 | AL7: =+AI7+AJ7-AK7 -> 0 | AN7: =+LEFT(AM7,2) | AO7: =+MID(AM7,4,2) | AP7: =+RIGHT(AM7,2) | AQ7: =+CONCATENATE(AN7,AO7,AP7) | AR7: =+AM7+30 -> 30 | AS7: =+DAY(AR7) -> 30 | AT7: =+MONTH(AR7) -> 1 | AU7: =+YEAR(AR7) -> 1900 | AV7: =+CONCATENATE(TEXT(AS7,"00"),TEXT(AT7,"00"),RIGHT(AU7,2)) -> 300100
A11: =1+A7 -> 3 | E11: =+AQ11 | G11: =+AV11 -> 300100 | H11: =+AK11 -> 0 | I11: =+ROUND(AD11,2) -> 0 | K11: =+AE11 -> 0 | L11: =+AJ11 -> 0 | M11: 111 | Q11: 103 | S11: =+RIGHT(O11,7) | U11: RC005 | V11: C001 | W11: =+AI11 -> 0 | X11: =+AJ11 -> 0 | Y11: 1 | Z11: =+F11 -> 0 | AC11: =+AB11*0.18 -> 0 | AD11: =+AB11+AC11 -> 0 | AF11: =+AB11*AE11 -> 0 | AG11: =+AC11*AE11 -> 0 | AH11: =+AD11*AE11 -> 0 | AI11: =+ROUND(AF11,2) -> 0 | AJ11: =+ROUND(AG11,2) -> 0 | AK11: =+AI11+AJ11 -> 0 | AL11: =+AI11+AJ11-AK11 -> 0 | AN11: =+LEFT(AM11,2) | AO11: =+MID(AM11,4,2) | AP11: =+RIGHT(AM11,2) | AQ11: =+CONCATENATE(AN11,AO11,AP11) | AR11: =+AM11+30 -> 30 | AS11: =+DAY(AR11) -> 30 | AT11: =+MONTH(AR11) -> 1 | AU11: =+YEAR(AR11) -> 1900 | AV11: =+CONCATENATE(TEXT(AS11,"00"),TEXT(AT11,"00"),RIGHT(AU11,2)) -> 300100
A15: =1+A11 -> 4 | E15: =+AQ15 | G15: =+AV15 -> 300100 | H15: =+AK15 -> 0 | I15: =+ROUND(AD15,2) -> 0 | K15: =+AE15 -> 0 | L15: =+AJ15 -> 0 | M15: 111 | Q15: 103 | S15: =+RIGHT(O15,7) | U15: RC005 | V15: C001 | W15: =+AI15 -> 0 | X15: =+AJ15 -> 0 | Y15: 1 | Z15: =+F15 -> 0 | AC15: =+AB15*0.18 -> 0 | AD15: =+AB15+AC15 -> 0 | AF15: =+AB15*AE15 -> 0 | AG15: =+AC15*AE15 -> 0 | AH15: =+AD15*AE15 -> 0 | AI15: =+ROUND(AF15,2) -> 0 | AJ15: =+ROUND(AG15,2) -> 0 | AK15: =+AI15+AJ15 -> 0 | AL15: =+AI15+AJ15-AK15 -> 0 | AN15: =+LEFT(AM15,2) | AO15: =+MID(AM15,4,2) | AP15: =+RIGHT(AM15,2) | AQ15: =+CONCATENATE(AN15,AO15,AP15) | AR15: =+AM15+30 -> 30 | AS15: =+DAY(AR15) -> 30 | AT15: =+MONTH(AR15) -> 1 | AU15: =+YEAR(AR15) -> 1900 | AV15: =+CONCATENATE(TEXT(AS15,"00"),TEXT(AT15,"00"),RIGHT(AU15,2)) -> 300100
A19: =1+A15 -> 5 | E19: =+AQ19 | G19: =+AV19 -> 300100 | H19: =+AK19 -> 0 | I19: =+ROUND(AD19,2) -> 0 | K19: =+AE19 -> 0 | L19: =+AJ19 -> 0 | M19: 111 | Q19: 103 | S19: =+RIGHT(O19,7) | U19: RC005 | V19: C001 | W19: =+AI19 -> 0 | X19: =+AJ19 -> 0 | Y19: 1 | Z19: =+F19 -> 0 | AC19: =+AB19*0.18 -> 0 | AD19: =+AB19+AC19 -> 0 | AF19: =+AB19*AE19 -> 0 | AG19: =+AC19*AE19 -> 0 | AH19: =+AD19*AE19 -> 0 | AI19: =+ROUND(AF19,2) -> 0 | AJ19: =+ROUND(AG19,2) -> 0 | AK19: =+AI19+AJ19 -> 0 | AL19: =+AI19+AJ19-AK19 -> 0 | AN19: =+LEFT(AM19,2) | AO19: =+MID(AM19,4,2) | AP19: =+RIGHT(AM19,2) | AQ19: =+CONCATENATE(AN19,AO19,AP19) | AR19: =+AM19+30 -> 30 | AS19: =+DAY(AR19) -> 30 | AT19: =+MONTH(AR19) -> 1 | AU19: =+YEAR(AR19) -> 1900 | AV19: =+CONCATENATE(TEXT(AS19,"00"),TEXT(AT19,"00"),RIGHT(AU19,2)) -> 300100
A23: =1+A19 -> 6 | E23: =+AQ23 | G23: =+AV23 -> 300100 | H23: =+AK23 -> 0 | I23: =+ROUND(AD23,2) -> 0 | K23: =+AE23 -> 0 | L23: =+AJ23 -> 0 | M23: 111 | Q23: 103 | S23: =+RIGHT(O23,7) | U23: RC005 | V23: C001 | W23: =+AI23 -> 0 | X23: =+AJ23 -> 0 | Y23: 1 | Z23: =+F23 -> 0 | AC23: =+AB23*0.18 -> 0 | AD23: =+AB23+AC23 -> 0 | AF23: =+AB23*AE23 -> 0 | AG23: =+AC23*AE23 -> 0 | AH23: =+AD23*AE23 -> 0 | AI23: =+ROUND(AF23,2) -> 0 | AJ23: =+ROUND(AG23,2) -> 0 | AK23: =+AI23+AJ23 -> 0 | AL23: =+AI23+AJ23-AK23 -> 0 | AN23: =+LEFT(AM23,2) | AO23: =+MID(AM23,4,2) | AP23: =+RIGHT(AM23,2) | AQ23: =+CONCATENATE(AN23,AO23,AP23) | AR23: =+AM23+30 -> 30 | AS23: =+DAY(AR23) -> 30 | AT23: =+MONTH(AR23) -> 1 | AU23: =+YEAR(AR23) -> 1900 | AV23: =+CONCATENATE(TEXT(AS23,"00"),TEXT(AT23,"00"),RIGHT(AU23,2)) -> 300100
A27: =1+A23 -> 7 | E27: =+AQ27 | G27: =+AV27 -> 300100 | H27: =+AK27 -> 0 | I27: =+ROUND(AD27,2) -> 0 | K27: =+AE27 -> 0 | L27: =+AJ27 -> 0 | M27: 111 | Q27: 103 | S27: =+RIGHT(O27,7) | U27: RC005 | V27: C001 | W27: =+AI27 -> 0 | X27: =+AJ27 -> 0 | Y27: 1 | Z27: =+F27 -> 0 | AC27: =+AB27*0.18 -> 0 | AD27: =+AB27+AC27 -> 0 | AF27: =+AB27*AE27 -> 0 | AG27: =+AC27*AE27 -> 0 | AH27: =+AD27*AE27 -> 0 | AI27: =+ROUND(AF27,2) -> 0 | AJ27: =+ROUND(AG27,2) -> 0 | AK27: =+AI27+AJ27 -> 0 | AL27: =+AI27+AJ27-AK27 -> 0 | AN27: =+LEFT(AM27,2) | AO27: =+MID(AM27,4,2) | AP27: =+RIGHT(AM27,2) | AQ27: =+CONCATENATE(AN27,AO27,AP27) | AR27: =+AM27+30 -> 30 | AS27: =+DAY(AR27) -> 30 | AT27: =+MONTH(AR27) -> 1 | AU27: =+YEAR(AR27) -> 1900 | AV27: =+CONCATENATE(TEXT(AS27,"00"),TEXT(AT27,"00"),RIGHT(AU27,2)) -> 300100
A31: =1+A27 -> 8 | E31: =+AQ31 | G31: =+AV31 -> 300100 | H31: =+AK31 -> 0 | I31: =+ROUND(AD31,2) -> 0 | K31: =+AE31 -> 0 | L31: =+AJ31 -> 0 | M31: 111 | Q31: 103 | S31: =+RIGHT(O31,7) | U31: RC005 | V31: C001 | W31: =+AI31 -> 0 | X31: =+AJ31 -> 0 | Y31: 1 | Z31: =+F31 -> 0 | AC31: =+AB31*0.18 -> 0 | AD31: =+AB31+AC31 -> 0 | AF31: =+AB31*AE31 -> 0 | AG31: =+AC31*AE31 -> 0 | AH31: =+AD31*AE31 -> 0 | AI31: =+ROUND(AF31,2) -> 0 | AJ31: =+ROUND(AG31,2) -> 0 | AK31: =+AI31+AJ31 -> 0 | AL31: =+AI31+AJ31-AK31 -> 0 | AN31: =+LEFT(AM31,2) | AO31: =+MID(AM31,4,2) | AP31: =+RIGHT(AM31,2) | AQ31: =+CONCATENATE(AN31,AO31,AP31) | AR31: =+AM31+30 -> 30 | AS31: =+DAY(AR31) -> 30 | AT31: =+MONTH(AR31) -> 1 | AU31: =+YEAR(AR31) -> 1900 | AV31: =+CONCATENATE(TEXT(AS31,"00"),TEXT(AT31,"00"),RIGHT(AU31,2)) -> 300100
A35: =1+A31 -> 9 | E35: =+AQ35 | G35: =+AV35 -> 300100 | H35: =+AK35 -> 0 | I35: =+ROUND(AD35,2) -> 0 | K35: =+AE35 -> 0 | L35: =+AJ35 -> 0 | M35: 111 | Q35: 103 | S35: =+RIGHT(O35,7) | U35: RC005 | V35: C001 | W35: =+AI35 -> 0 | X35: =+AJ35 -> 0 | Y35: 1 | Z35: =+F35 -> 0 | AC35: =+AB35*0.18 -> 0 | AD35: =+AB35+AC35 -> 0 | AF35: =+AB35*AE35 -> 0 | AG35: =+AC35*AE35 -> 0 | AH35: =+AD35*AE35 -> 0 | AI35: =+ROUND(AF35,2) -> 0 | AJ35: =+ROUND(AG35,2) -> 0 | AK35: =+AI35+AJ35 -> 0 | AL35: =+AI35+AJ35-AK35 -> 0 | AN35: =+LEFT(AM35,2) | AO35: =+MID(AM35,4,2) | AP35: =+RIGHT(AM35,2) | AQ35: =+CONCATENATE(AN35,AO35,AP35) | AR35: =+AM35+30 -> 30 | AS35: =+DAY(AR35) -> 30 | AT35: =+MONTH(AR35) -> 1 | AU35: =+YEAR(AR35) -> 1900 | AV35: =+CONCATENATE(TEXT(AS35,"00"),TEXT(AT35,"00"),RIGHT(AU35,2)) -> 300100
A39: =1+A35 -> 10 | E39: =+AQ39 | G39: =+AV39 -> 300100 | H39: =+AK39 -> 0 | I39: =+ROUND(AD39,2) -> 0 | K39: =+AE39 -> 0 | L39: =+AJ39 -> 0 | M39: 111 | Q39: 103 | S39: =+RIGHT(O39,7) | U39: RC005 | V39: C001 | W39: =+AI39 -> 0 | X39: =+AJ39 -> 0 | Y39: 1 | Z39: =+F39 -> 0 | AC39: =+AB39*0.18 -> 0 | AD39: =+AB39+AC39 -> 0 | AF39: =+AB39*AE39 -> 0 | AG39: =+AC39*AE39 -> 0 | AH39: =+AD39*AE39 -> 0 | AI39: =+ROUND(AF39,2) -> 0 | AJ39: =+ROUND(AG39,2) -> 0 | AK39: =+AI39+AJ39 -> 0 | AL39: =+AI39+AJ39-AK39 -> 0 | AN39: =+LEFT(AM39,2) | AO39: =+MID(AM39,4,2) | AP39: =+RIGHT(AM39,2) | AQ39: =+CONCATENATE(AN39,AO39,AP39) | AR39: =+AM39+30 -> 30 | AS39: =+DAY(AR39) -> 30 | AT39: =+MONTH(AR39) -> 1 | AU39: =+YEAR(AR39) -> 1900 | AV39: =+CONCATENATE(TEXT(AS39,"00"),TEXT(AT39,"00"),RIGHT(AU39,2)) -> 300100
A43: =1+A39 -> 11 | E43: =+AQ43 | G43: =+AV43 -> 300100 | H43: =+AK43 -> 0 | I43: =+ROUND(AD43,2) -> 0 | K43: =+AE43 -> 0 | L43: =+AJ43 -> 0 | M43: 111 | Q43: 103 | S43: =+RIGHT(O43,7) | U43: RC005 | V43: C001 | W43: =+AI43 -> 0 | X43: =+AJ43 -> 0 | Y43: 1 | Z43: =+F43 -> 0 | AC43: =+AB43*0.18 -> 0 | AD43: =+AB43+AC43 -> 0 | AF43: =+AB43*AE43 -> 0 | AG43: =+AC43*AE43 -> 0 | AH43: =+AD43*AE43 -> 0 | AI43: =+ROUND(AF43,2) -> 0 | AJ43: =+ROUND(AG43,2) -> 0 | AK43: =+AI43+AJ43 -> 0 | AL43: =+AI43+AJ43-AK43 -> 0 | AN43: =+LEFT(AM43,2) | AO43: =+MID(AM43,4,2) | AP43: =+RIGHT(AM43,2) | AQ43: =+CONCATENATE(AN43,AO43,AP43) | AR43: =+AM43+30 -> 30 | AS43: =+DAY(AR43) -> 30 | AT43: =+MONTH(AR43) -> 1 | AU43: =+YEAR(AR43) -> 1900 | AV43: =+CONCATENATE(TEXT(AS43,"00"),TEXT(AT43,"00"),RIGHT(AU43,2)) -> 300100
A47: =1+A43 -> 12 | E47: =+AQ47 | G47: =+AV47 -> 300100 | H47: =+AK47 -> 0 | I47: =+ROUND(AD47,2) -> 0 | K47: =+AE47 -> 0 | L47: =+AJ47 -> 0 | M47: 111 | Q47: 103 | S47: =+RIGHT(O47,7) | U47: RC005 | V47: C001 | W47: =+AI47 -> 0 | X47: =+AJ47 -> 0 | Y47: 1 | Z47: =+F47 -> 0 | AC47: =+AB47*0.18 -> 0 | AD47: =+AB47+AC47 -> 0 | AF47: =+AB47*AE47 -> 0 | AG47: =+AC47*AE47 -> 0 | AH47: =+AD47*AE47 -> 0 | AI47: =+ROUND(AF47,2) -> 0 | AJ47: =+ROUND(AG47,2) -> 0 | AK47: =+AI47+AJ47 -> 0 | AL47: =+AI47+AJ47-AK47 -> 0 | AN47: =+LEFT(AM47,2) | AO47: =+MID(AM47,4,2) | AP47: =+RIGHT(AM47,2) | AQ47: =+CONCATENATE(AN47,AO47,AP47) | AR47: =+AM47+30 -> 30 | AS47: =+DAY(AR47) -> 30 | AT47: =+MONTH(AR47) -> 1 | AU47: =+YEAR(AR47) -> 1900 | AV47: =+CONCATENATE(TEXT(AS47,"00"),TEXT(AT47,"00"),RIGHT(AU47,2)) -> 300100
A51: =1+A47 -> 13 | E51: =+AQ51 | G51: =+AV51 -> 300100 | H51: =+AK51 -> 0 | I51: =+ROUND(AD51,2) -> 0 | K51: =+AE51 -> 0 | L51: =+AJ51 -> 0 | M51: 111 | Q51: 103 | S51: =+RIGHT(O51,7) | U51: RC005 | V51: C001 | W51: =+AI51 -> 0 | X51: =+AJ51 -> 0 | Y51: 1 | Z51: =+F51 -> 0 | AC51: =+AB51*0.18 -> 0 | AD51: =+AB51+AC51 -> 0 | AF51: =+AB51*AE51 -> 0 | AG51: =+AC51*AE51 -> 0 | AH51: =+AD51*AE51 -> 0 | AI51: =+ROUND(AF51,2) -> 0 | AJ51: =+ROUND(AG51,2) -> 0 | AK51: =+AI51+AJ51 -> 0 | AL51: =+AI51+AJ51-AK51 -> 0 | AN51: =+LEFT(AM51,2) | AO51: =+MID(AM51,4,2) | AP51: =+RIGHT(AM51,2) | AQ51: =+CONCATENATE(AN51,AO51,AP51) | AR51: =+AM51+30 -> 30 | AS51: =+DAY(AR51) -> 30 | AT51: =+MONTH(AR51) -> 1 | AU51: =+YEAR(AR51) -> 1900 | AV51: =+CONCATENATE(TEXT(AS51,"00"),TEXT(AT51,"00"),RIGHT(AU51,2)) -> 300100
... A215: =1+A211 -> 54 | E215: =+AQ215 | G215: =+AV215 -> 300100 | H215: =+AK215 -> 0 | I215: =+ROUND(AD215,2) -> 0 | K215: =+AE215 -> 0 | L215: =+AJ215 -> 0 | M215: 111 | Q215: 103 | S215: =+RIGHT(O215,7) | U215: RC005 | V215: C001 | W215: =+AI215 -> 0 | X215: =+AJ215 -> 0 | Y215: 1 | Z215: =+F215 -> 0 | AC215: =+AB215*0.18 -> 0 | AD215: =+AB215+AC215 -> 0 | AF215: =+AB215*AE215 -> 0 | AG215: =+AC215*AE215 -> 0 | AH215: =+AD215*AE215 -> 0 | AI215: =+ROUND(AF215,2) -> 0 | AJ215: =+ROUND(AG215,2) -> 0 | AK215: =+AI215+AJ215 -> 0 | AL215: =+AI215+AJ215-AK215 -> 0 | AN215: =+LEFT(AM215,2) | AO215: =+MID(AM215,4,2) | AP215: =+RIGHT(AM215,2) | AQ215: =+CONCATENATE(AN215,AO215,AP215) | AR215: =+AM215+30 -> 30 | AS215: =+DAY(AR215) -> 30 | AT215: =+MONTH(AR215) -> 1 | AU215: =+YEAR(AR215) -> 1900 | AV215: =+CONCATENATE(TEXT(AS215,"00"),TEXT(AT215,"00"),RIGHT(AU215,2)) -> 300100
P216: 421201
P217: 421201
P218: 421201
A219: =1+A215 -> 55 | E219: =+AQ219 | G219: =+AV219 -> 300100 | H219: =+AK219 -> 0 | I219: =+ROUND(AD219,2) -> 0 | K219: =+AE219 -> 0 | L219: =+AJ219 -> 0 | M219: 111 | Q219: 103 | S219: =+RIGHT(O219,7) | U219: RC005 | V219: C001 | W219: =+AI219 -> 0 | X219: =+AJ219 -> 0 | Y219: 1 | Z219: =+F219 -> 0 | AC219: =+AB219*0.18 -> 0 | AD219: =+AB219+AC219 -> 0 | AF219: =+AB219*AE219 -> 0 | AG219: =+AC219*AE219 -> 0 | AH219: =+AD219*AE219 -> 0 | AI219: =+ROUND(AF219,2) -> 0 | AJ219: =+ROUND(AG219,2) -> 0 | AK219: =+AI219+AJ219 -> 0 | AL219: =+AI219+AJ219-AK219 -> 0 | AN219: =+LEFT(AM219,2) | AO219: =+MID(AM219,4,2) | AP219: =+RIGHT(AM219,2) | AQ219: =+CONCATENATE(AN219,AO219,AP219) | AR219: =+AM219+30 -> 30 | AS219: =+DAY(AR219) -> 30 | AT219: =+MONTH(AR219) -> 1 | AU219: =+YEAR(AR219) -> 1900 | AV219: =+CONCATENATE(TEXT(AS219,"00"),TEXT(AT219,"00"),RIGHT(AU219,2)) -> 300100
P220: 421201
P221: 421201
P222: 421201
A223: =1+A219 -> 56 | E223: =+AQ223 | G223: =+AV223 -> 300100 | H223: =+AK223 -> 0 | I223: =+ROUND(AD223,2) -> 0 | K223: =+AE223 -> 0 | L223: =+AJ223 -> 0 | M223: 111 | Q223: 103 | S223: =+RIGHT(O223,7) | U223: RC005 | V223: C001 | W223: =+AI223 -> 0 | X223: =+AJ223 -> 0 | Y223: 1 | Z223: =+F223 -> 0 | AC223: =+AB223*0.18 -> 0 | AD223: =+AB223+AC223 -> 0 | AF223: =+AB223*AE223 -> 0 | AG223: =+AC223*AE223 -> 0 | AH223: =+AD223*AE223 -> 0 | AI223: =+ROUND(AF223,2) -> 0 | AJ223: =+ROUND(AG223,2) -> 0 | AK223: =+AI223+AJ223 -> 0 | AL223: =+AI223+AJ223-AK223 -> 0 | AN223: =+LEFT(AM223,2) | AO223: =+MID(AM223,4,2) | AP223: =+RIGHT(AM223,2) | AQ223: =+CONCATENATE(AN223,AO223,AP223) | AR223: =+AM223+30 -> 30 | AS223: =+DAY(AR223) -> 30 | AT223: =+MONTH(AR223) -> 1 | AU223: =+YEAR(AR223) -> 1900 | AV223: =+CONCATENATE(TEXT(AS223,"00"),TEXT(AT223,"00"),RIGHT(AU223,2)) -> 300100
P224: 421201
P225: 421201
P226: 421201
A227: =1+A223 -> 57 | E227: =+AQ227 | G227: =+AV227 -> 300100 | H227: =+AK227 -> 0 | I227: =+ROUND(AD227,2) -> 0 | K227: =+AE227 -> 0 | L227: =+AJ227 -> 0 | M227: 111 | Q227: 103 | S227: =+RIGHT(O227,7) | U227: RC005 | V227: C001 | W227: =+AI227 -> 0 | X227: =+AJ227 -> 0 | Y227: 1 | Z227: =+F227 -> 0 | AC227: =+AB227*0.18 -> 0 | AD227: =+AB227+AC227 -> 0 | AF227: =+AB227*AE227 -> 0 | AG227: =+AC227*AE227 -> 0 | AH227: =+AD227*AE227 -> 0 | AI227: =+ROUND(AF227,2) -> 0 | AJ227: =+ROUND(AG227,2) -> 0 | AK227: =+AI227+AJ227 -> 0 | AL227: =+AI227+AJ227-AK227 -> 0 | AN227: =+LEFT(AM227,2) | AO227: =+MID(AM227,4,2) | AP227: =+RIGHT(AM227,2) | AQ227: =+CONCATENATE(AN227,AO227,AP227) | AR227: =+AM227+30 -> 30 | AS227: =+DAY(AR227) -> 30 | AT227: =+MONTH(AR227) -> 1 | AU227: =+YEAR(AR227) -> 1900 | AV227: =+CONCATENATE(TEXT(AS227,"00"),TEXT(AT227,"00"),RIGHT(AU227,2)) -> 300100
P228: 421201
P229: 421201
P230: 421201
A231: =1+A227 -> 58 | E231: =+AQ231 | G231: =+AV231 -> 300100 | H231: =+AK231 -> 0 | I231: =+ROUND(AD231,2) -> 0 | K231: =+AE231 -> 0 | L231: =+AJ231 -> 0 | M231: 111 | Q231: 103 | S231: =+RIGHT(O231,7) | U231: RC005 | V231: C001 | W231: =+AI231 -> 0 | X231: =+AJ231 -> 0 | Y231: 1 | Z231: =+F231 -> 0 | AC231: =+AB231*0.18 -> 0 | AD231: =+AB231+AC231 -> 0 | AF231: =+AB231*AE231 -> 0 | AG231: =+AC231*AE231 -> 0 | AH231: =+AD231*AE231 -> 0 | AI231: =+ROUND(AF231,2) -> 0 | AJ231: =+ROUND(AG231,2) -> 0 | AK231: =+AI231+AJ231 -> 0 | AL231: =+AI231+AJ231-AK231 -> 0 | AN231: =+LEFT(AM231,2) | AO231: =+MID(AM231,4,2) | AP231: =+RIGHT(AM231,2) | AQ231: =+CONCATENATE(AN231,AO231,AP231) | AR231: =+AM231+30 -> 30 | AS231: =+DAY(AR231) -> 30 | AT231: =+MONTH(AR231) -> 1 | AU231: =+YEAR(AR231) -> 1900 | AV231: =+CONCATENATE(TEXT(AS231,"00"),TEXT(AT231,"00"),RIGHT(AU231,2)) -> 300100
P232: 421201
P233: 421201
P234: 421201
A235: =1+A231 -> 59 | E235: =+AQ235 | G235: =+AV235 -> 300100 | H235: =+AK235 -> 0 | I235: =+ROUND(AD235,2) -> 0 | K235: =+AE235 -> 0 | L235: =+AJ235 -> 0 | M235: 111 | Q235: 103 | S235: =+RIGHT(O235,7) | U235: RC005 | V235: C001 | W235: =+AI235 -> 0 | X235: =+AJ235 -> 0 | Y235: 1 | Z235: =+F235 -> 0 | AC235: =+AB235*0.18 -> 0 | AD235: =+AB235+AC235 -> 0 | AF235: =+AB235*AE235 -> 0 | AG235: =+AC235*AE235 -> 0 | AH235: =+AD235*AE235 -> 0 | AI235: =+ROUND(AF235,2) -> 0 | AJ235: =+ROUND(AG235,2) -> 0 | AK235: =+AI235+AJ235 -> 0 | AL235: =+AI235+AJ235-AK235 -> 0 | AN235: =+LEFT(AM235,2) | AO235: =+MID(AM235,4,2) | AP235: =+RIGHT(AM235,2) | AQ235: =+CONCATENATE(AN235,AO235,AP235) | AR235: =+AM235+30 -> 30 | AS235: =+DAY(AR235) -> 30 | AT235: =+MONTH(AR235) -> 1 | AU235: =+YEAR(AR235) -> 1900 | AV235: =+CONCATENATE(TEXT(AS235,"00"),TEXT(AT235,"00"),RIGHT(AU235,2)) -> 300100
P236: 421201
P237: 421201
P238: 421201
A239: =1+A235 -> 60 | E239: =+AQ239 | G239: =+AV239 -> 300100 | H239: =+AK239 -> 0 | I239: =+ROUND(AD239,2) -> 0 | K239: =+AE239 -> 0 | L239: =+AJ239 -> 0 | M239: 111 | Q239: 103 | S239: =+RIGHT(O239,7) | U239: RC005 | V239: C001 | W239: =+AI239 -> 0 | X239: =+AJ239 -> 0 | Y239: 1 | Z239: =+F239 -> 0 | AC239: =+AB239*0.18 -> 0 | AD239: =+AB239+AC239 -> 0 | AF239: =+AB239*AE239 -> 0 | AG239: =+AC239*AE239 -> 0 | AH239: =+AD239*AE239 -> 0 | AI239: =+ROUND(AF239,2) -> 0 | AJ239: =+ROUND(AG239,2) -> 0 | AK239: =+AI239+AJ239 -> 0 | AL239: =+AI239+AJ239-AK239 -> 0 | AN239: =+LEFT(AM239,2) | AO239: =+MID(AM239,4,2) | AP239: =+RIGHT(AM239,2) | AQ239: =+CONCATENATE(AN239,AO239,AP239) | AR239: =+AM239+30 -> 30 | AS239: =+DAY(AR239) -> 30 | AT239: =+MONTH(AR239) -> 1 | AU239: =+YEAR(AR239) -> 1900 | AV239: =+CONCATENATE(TEXT(AS239,"00"),TEXT(AT239,"00"),RIGHT(AU239,2)) -> 300100
P240: 421201
P241: 421201
P242: 421201
A243: =1+A239 -> 61 | E243: =+AQ243 | G243: =+AV243 -> 300100 | H243: =+AK243 -> 0 | I243: =+ROUND(AD243,2) -> 0 | K243: =+AE243 -> 0 | L243: =+AJ243 -> 0 | M243: 111 | Q243: 103 | S243: =+RIGHT(O243,7) | U243: RC005 | V243: C001 | W243: =+AI243 -> 0 | X243: =+AJ243 -> 0 | Y243: 1 | Z243: =+F243 -> 0 | AC243: =+AB243*0.18 -> 0 | AD243: =+AB243+AC243 -> 0 | AF243: =+AB243*AE243 -> 0 | AG243: =+AC243*AE243 -> 0 | AH243: =+AD243*AE243 -> 0 | AI243: =+ROUND(AF243,2) -> 0 | AJ243: =+ROUND(AG243,2) -> 0 | AK243: =+AI243+AJ243 -> 0 | AL243: =+AI243+AJ243-AK243 -> 0 | AN243: =+LEFT(AM243,2) | AO243: =+MID(AM243,4,2) | AP243: =+RIGHT(AM243,2) | AQ243: =+CONCATENATE(AN243,AO243,AP243) | AR243: =+AM243+30 -> 30 | AS243: =+DAY(AR243) -> 30 | AT243: =+MONTH(AR243) -> 1 | AU243: =+YEAR(AR243) -> 1900 | AV243: =+CONCATENATE(TEXT(AS243,"00"),TEXT(AT243,"00"),RIGHT(AU243,2)) -> 300100
P244: 421201
P245: 421201
P246: 421201
A247: =1+A243 -> 62 | E247: =+AQ247 | G247: =+AV247 -> 300100 | H247: =+AK247 -> 0 | I247: =+ROUND(AD247,2) -> 0 | K247: =+AE247 -> 0 | L247: =+AJ247 -> 0 | M247: 111 | Q247: 103 | S247: =+RIGHT(O247,7) | U247: RC005 | V247: C001 | W247: =+AI247 -> 0 | X247: =+AJ247 -> 0 | Y247: 1 | Z247: =+F247 -> 0 | AC247: =+AB247*0.18 -> 0 | AD247: =+AB247+AC247 -> 0 | AF247: =+AB247*AE247 -> 0 | AG247: =+AC247*AE247 -> 0 | AH247: =+AD247*AE247 -> 0 | AI247: =+ROUND(AF247,2) -> 0 | AJ247: =+ROUND(AG247,2) -> 0 | AK247: =+AI247+AJ247 -> 0 | AL247: =+AI247+AJ247-AK247 -> 0 | AN247: =+LEFT(AM247,2) | AO247: =+MID(AM247,4,2) | AP247: =+RIGHT(AM247,2) | AQ247: =+CONCATENATE(AN247,AO247,AP247) | AR247: =+AM247+30 -> 30 | AS247: =+DAY(AR247) -> 30 | AT247: =+MONTH(AR247) -> 1 | AU247: =+YEAR(AR247) -> 1900 | AV247: =+CONCATENATE(TEXT(AS247,"00"),TEXT(AT247,"00"),RIGHT(AU247,2)) -> 300100
P248: 421201
P249: 421201
P250: 421201
A251: =1+A247 -> 63 | E251: =+AQ251 | G251: =+AV251 -> 300100 | H251: =+AK251 -> 0 | I251: =+ROUND(AD251,2) -> 0 | K251: =+AE251 -> 0 | L251: =+AJ251 -> 0 | M251: 111 | Q251: 103 | S251: =+RIGHT(O251,7) | U251: RC005 | V251: C001 | W251: =+AI251 -> 0 | X251: =+AJ251 -> 0 | Y251: 1 | Z251: =+F251 -> 0 | AC251: =+AB251*0.18 -> 0 | AD251: =+AB251+AC251 -> 0 | AF251: =+AB251*AE251 -> 0 | AG251: =+AC251*AE251 -> 0 | AH251: =+AD251*AE251 -> 0 | AI251: =+ROUND(AF251,2) -> 0 | AJ251: =+ROUND(AG251,2) -> 0 | AK251: =+AI251+AJ251 -> 0 | AL251: =+AI251+AJ251-AK251 -> 0 | AN251: =+LEFT(AM251,2) | AO251: =+MID(AM251,4,2) | AP251: =+RIGHT(AM251,2) | AQ251: =+CONCATENATE(AN251,AO251,AP251) | AR251: =+AM251+30 -> 30 | AS251: =+DAY(AR251) -> 30 | AT251: =+MONTH(AR251) -> 1 | AU251: =+YEAR(AR251) -> 1900 | AV251: =+CONCATENATE(TEXT(AS251,"00"),TEXT(AT251,"00"),RIGHT(AU251,2)) -> 300100
P252: 421201
P253: 421201
P254: 421201
A255: =1+A251 -> 64 | E255: =+AQ255 | G255: =+AV255 -> 300100 | H255: =+AK255 -> 0 | I255: =+ROUND(AD255,2) -> 0 | K255: =+AE255 -> 0 | L255: =+AJ255 -> 0 | M255: 111 | Q255: 103 | S255: =+RIGHT(O255,7) | U255: RC005 | V255: C001 | W255: =+AI255 -> 0 | X255: =+AJ255 -> 0 | Y255: 1 | Z255: =+F255 -> 0 | AC255: =+AB255*0.18 -> 0 | AD255: =+AB255+AC255 -> 0 | AF255: =+AB255*AE255 -> 0 | AG255: =+AC255*AE255 -> 0 | AH255: =+AD255*AE255 -> 0 | AI255: =+ROUND(AF255,2) -> 0 | AJ255: =+ROUND(AG255,2) -> 0 | AK255: =+AI255+AJ255 -> 0 | AL255: =+AI255+AJ255-AK255 -> 0 | AN255: =+LEFT(AM255,2) | AO255: =+MID(AM255,4,2) | AP255: =+RIGHT(AM255,2) | AQ255: =+CONCATENATE(AN255,AO255,AP255) | AR255: =+AM255+30 -> 30 | AS255: =+DAY(AR255) -> 30 | AT255: =+MONTH(AR255) -> 1 | AU255: =+YEAR(AR255) -> 1900 | AV255: =+CONCATENATE(TEXT(AS255,"00"),TEXT(AT255,"00"),RIGHT(AU255,2)) -> 300100
P256: 421201
P257: 421201
P258: 421201
A259: =1+A255 -> 65 | E259: =+AQ259 | G259: =+AV259 -> 300100 | H259: =+AK259 -> 0 | I259: =+ROUND(AD259,2) -> 0 | K259: =+AE259 -> 0 | L259: =+AJ259 -> 0 | M259: 111 | Q259: 103 | S259: =+RIGHT(O259,7) | U259: RC005 | V259: C001 | W259: =+AI259 -> 0 | X259: =+AJ259 -> 0 | Y259: 1 | Z259: =+F259 -> 0 | AC259: =+AB259*0.18 -> 0 | AD259: =+AB259+AC259 -> 0 | AF259: =+AB259*AE259 -> 0 | AG259: =+AC259*AE259 -> 0 | AH259: =+AD259*AE259 -> 0 | AI259: =+ROUND(AF259,2) -> 0 | AJ259: =+ROUND(AG259,2) -> 0 | AK259: =+AI259+AJ259 -> 0 | AL259: =+AI259+AJ259-AK259 -> 0 | AN259: =+LEFT(AM259,2) | AO259: =+MID(AM259,4,2) | AP259: =+RIGHT(AM259,2) | AQ259: =+CONCATENATE(AN259,AO259,AP259) | AR259: =+AM259+30 -> 30 | AS259: =+DAY(AR259) -> 30 | AT259: =+MONTH(AR259) -> 1 | AU259: =+YEAR(AR259) -> 1900 | AV259: =+CONCATENATE(TEXT(AS259,"00"),TEXT(AT259,"00"),RIGHT(AU259,2)) -> 300100
P260: 421201
P261: 421201
P262: 421201
A263: =1+A259 -> 66 | E263: =+AQ263 | G263: =+AV263 -> 300100 | H263: =+AK263 -> 0 | I263: =+ROUND(AD263,2) -> 0 | K263: =+AE263 -> 0 | L263: =+AJ263 -> 0 | M263: 111 | Q263: 103 | S263: =+RIGHT(O263,7) | U263: RC005 | V263: C001 | W263: =+AI263 -> 0 | X263: =+AJ263 -> 0 | Y263: 1 | Z263: =+F263 -> 0 | AC263: =+AB263*0.18 -> 0 | AD263: =+AB263+AC263 -> 0 | AF263: =+AB263*AE263 -> 0 | AG263: =+AC263*AE263 -> 0 | AH263: =+AD263*AE263 -> 0 | AI263: =+ROUND(AF263,2) -> 0 | AJ263: =+ROUND(AG263,2) -> 0 | AK263: =+AI263+AJ263 -> 0 | AL263: =+AI263+AJ263-AK263 -> 0 | AN263: =+LEFT(AM263,2) | AO263: =+MID(AM263,4,2) | AP263: =+RIGHT(AM263,2) | AQ263: =+CONCATENATE(AN263,AO263,AP263) | AR263: =+AM263+30 -> 30 | AS263: =+DAY(AR263) -> 30 | AT263: =+MONTH(AR263) -> 1 | AU263: =+YEAR(AR263) -> 1900 | AV263: =+CONCATENATE(TEXT(AS263,"00"),TEXT(AT263,"00"),RIGHT(AU263,2)) -> 300100
P264: 421201
P265: 421201
P266: 421201
A267: =1+A263 -> 67 | E267: =+AQ267 | G267: =+AV267 -> 300100 | H267: =+AK267 -> 0 | I267: =+ROUND(AD267,2) -> 0 | K267: =+AE267 -> 0 | L267: =+AJ267 -> 0 | M267: 111 | Q267: 103 | S267: =+RIGHT(O267,7) | U267: RC005 | V267: C001 | W267: =+AI267 -> 0 | X267: =+AJ267 -> 0 | Y267: 1 | Z267: =+F267 -> 0 | AC267: =+AB267*0.18 -> 0 | AD267: =+AB267+AC267 -> 0 | AF267: =+AB267*AE267 -> 0 | AG267: =+AC267*AE267 -> 0 | AH267: =+AD267*AE267 -> 0 | AI267: =+ROUND(AF267,2) -> 0 | AJ267: =+ROUND(AG267,2) -> 0 | AK267: =+AI267+AJ267 -> 0 | AL267: =+AI267+AJ267-AK267 -> 0 | AN267: =+LEFT(AM267,2) | AO267: =+MID(AM267,4,2) | AP267: =+RIGHT(AM267,2) | AQ267: =+CONCATENATE(AN267,AO267,AP267) | AR267: =+AM267+30 -> 30 | AS267: =+DAY(AR267) -> 30 | AT267: =+MONTH(AR267) -> 1 | AU267: =+YEAR(AR267) -> 1900 | AV267: =+CONCATENATE(TEXT(AS267,"00"),TEXT(AT267,"00"),RIGHT(AU267,2)) -> 300100
P268: 421201
P269: 421201
P270: 421201
A271: =1+A267 -> 68 | E271: =+AQ271 | G271: =+AV271 -> 300100 | H271: =+AK271 -> 0 | I271: =+ROUND(AD271,2) -> 0 | K271: =+AE271 -> 0 | L271: =+AJ271 -> 0 | M271: 111 | Q271: 103 | S271: =+RIGHT(O271,7) | U271: RC005 | V271: C001 | W271: =+AI271 -> 0 | X271: =+AJ271 -> 0 | Y271: 1 | Z271: =+F271 -> 0 | AC271: =+AB271*0.18 -> 0 | AD271: =+AB271+AC271 -> 0 | AF271: =+AB271*AE271 -> 0 | AG271: =+AC271*AE271 -> 0 | AH271: =+AD271*AE271 -> 0 | AI271: =+ROUND(AF271,2) -> 0 | AJ271: =+ROUND(AG271,2) -> 0 | AK271: =+AI271+AJ271 -> 0 | AL271: =+AI271+AJ271-AK271 -> 0 | AN271: =+LEFT(AM271,2) | AO271: =+MID(AM271,4,2) | AP271: =+RIGHT(AM271,2) | AQ271: =+CONCATENATE(AN271,AO271,AP271) | AR271: =+AM271+30 -> 30 | AS271: =+DAY(AR271) -> 30 | AT271: =+MONTH(AR271) -> 1 | AU271: =+YEAR(AR271) -> 1900 | AV271: =+CONCATENATE(TEXT(AS271,"00"),TEXT(AT271,"00"),RIGHT(AU271,2)) -> 300100
P272: 421201
P273: 421201
P274: 421201
A275: =1+A271 -> 69 | E275: =+AQ275 | G275: =+AV275 -> 300100 | H275: =+AK275 -> 0 | I275: =+ROUND(AD275,2) -> 0 | K275: =+AE275 -> 0 | L275: =+AJ275 -> 0 | M275: 111 | Q275: 103 | S275: =+RIGHT(O275,7) | U275: RC005 | V275: C001 | W275: =+AI275 -> 0 | X275: =+AJ275 -> 0 | Y275: 1 | Z275: =+F275 -> 0 | AC275: =+AB275*0.18 -> 0 | AD275: =+AB275+AC275 -> 0 | AF275: =+AB275*AE275 -> 0 | AG275: =+AC275*AE275 -> 0 | AH275: =+AD275*AE275 -> 0 | AI275: =+ROUND(AF275,2) -> 0 | AJ275: =+ROUND(AG275,2) -> 0 | AK275: =+AI275+AJ275 -> 0 | AL275: =+AI275+AJ275-AK275 -> 0 | AN275: =+LEFT(AM275,2) | AO275: =+MID(AM275,4,2) | AP275: =+RIGHT(AM275,2) | AQ275: =+CONCATENATE(AN275,AO275,AP275) | AR275: =+AM275+30 -> 30 | AS275: =+DAY(AR275) -> 30 | AT275: =+MONTH(AR275) -> 1 | AU275: =+YEAR(AR275) -> 1900 | AV275: =+CONCATENATE(TEXT(AS275,"00"),TEXT(AT275,"00"),RIGHT(AU275,2)) -> 300100
P276: 421201
P277: 421201
P278: 421201
A279: =1+A275 -> 70 | E279: =+AQ279 | G279: =+AV279 -> 300100 | H279: =+AK279 -> 0 | I279: =+ROUND(AD279,2) -> 0 | K279: =+AE279 -> 0 | L279: =+AJ279 -> 0 | M279: 111 | Q279: 103 | S279: =+RIGHT(O279,7) | U279: RC005 | V279: C001 | W279: =+AI279 -> 0 | X279: =+AJ279 -> 0 | Y279: 1 | Z279: =+F279 -> 0 | AC279: =+AB279*0.18 -> 0 | AD279: =+AB279+AC279 -> 0 | AF279: =+AB279*AE279 -> 0 | AG279: =+AC279*AE279 -> 0 | AH279: =+AD279*AE279 -> 0 | AI279: =+ROUND(AF279,2) -> 0 | AJ279: =+ROUND(AG279,2) -> 0 | AK279: =+AI279+AJ279 -> 0 | AL279: =+AI279+AJ279-AK279 -> 0 | AN279: =+LEFT(AM279,2) | AO279: =+MID(AM279,4,2) | AP279: =+RIGHT(AM279,2) | AQ279: =+CONCATENATE(AN279,AO279,AP279) | AR279: =+AM279+30 -> 30 | AS279: =+DAY(AR279) -> 30 | AT279: =+MONTH(AR279) -> 1 | AU279: =+YEAR(AR279) -> 1900 | AV279: =+CONCATENATE(TEXT(AS279,"00"),TEXT(AT279,"00"),RIGHT(AU279,2)) -> 300100
P280: 421201
P281: 421201
P282: 421201
A283: =1+A279 -> 71 | E283: =+AQ283 | G283: =+AV283 -> 300100 | H283: =+AK283 -> 0 | I283: =+ROUND(AD283,2) -> 0 | K283: =+AE283 -> 0 | L283: =+AJ283 -> 0 | M283: 111 | Q283: 103 | S283: =+RIGHT(O283,7) | U283: RC005 | V283: C001 | W283: =+AI283 -> 0 | X283: =+AJ283 -> 0 | Y283: 1 | Z283: =+F283 -> 0 | AC283: =+AB283*0.18 -> 0 | AD283: =+AB283+AC283 -> 0 | AF283: =+AB283*AE283 -> 0 | AG283: =+AC283*AE283 -> 0 | AH283: =+AD283*AE283 -> 0 | AI283: =+ROUND(AF283,2) -> 0 | AJ283: =+ROUND(AG283,2) -> 0 | AK283: =+AI283+AJ283 -> 0 | AL283: =+AI283+AJ283-AK283 -> 0 | AN283: =+LEFT(AM283,2) | AO283: =+MID(AM283,4,2) | AP283: =+RIGHT(AM283,2) | AQ283: =+CONCATENATE(AN283,AO283,AP283) | AR283: =+AM283+30 -> 30 | AS283: =+DAY(AR283) -> 30 | AT283: =+MONTH(AR283) -> 1 | AU283: =+YEAR(AR283) -> 1900 | AV283: =+CONCATENATE(TEXT(AS283,"00"),TEXT(AT283,"00"),RIGHT(AU283,2)) -> 300100
P284: 421201
P285: 421201
P286: 421201
A287: =1+A283 -> 72 | E287: =+AQ287 | G287: =+AV287 -> 300100 | H287: =+AK287 -> 0 | I287: =+ROUND(AD287,2) -> 0 | K287: =+AE287 -> 0 | L287: =+AJ287 -> 0 | M287: 111 | Q287: 103 | S287: =+RIGHT(O287,7) | U287: RC005 | V287: C001 | W287: =+AI287 -> 0 | X287: =+AJ287 -> 0 | Y287: 1 | Z287: =+F287 -> 0 | AC287: =+AB287*0.18 -> 0 | AD287: =+AB287+AC287 -> 0 | AF287: =+AB287*AE287 -> 0 | AG287: =+AC287*AE287 -> 0 | AH287: =+AD287*AE287 -> 0 | AI287: =+ROUND(AF287,2) -> 0 | AJ287: =+ROUND(AG287,2) -> 0 | AK287: =+AI287+AJ287 -> 0 | AL287: =+AI287+AJ287-AK287 -> 0 | AN287: =+LEFT(AM287,2) | AO287: =+MID(AM287,4,2) | AP287: =+RIGHT(AM287,2) | AQ287: =+CONCATENATE(AN287,AO287,AP287) | AR287: =+AM287+30 -> 30 | AS287: =+DAY(AR287) -> 30 | AT287: =+MONTH(AR287) -> 1 | AU287: =+YEAR(AR287) -> 1900 | AV287: =+CONCATENATE(TEXT(AS287,"00"),TEXT(AT287,"00"),RIGHT(AU287,2)) -> 300100
P288: 421201
P289: 421201
P290: 421201
A291: =1+A287 -> 73 | E291: =+AQ291 | G291: =+AV291 -> 300100 | H291: =+AK291 -> 0 | I291: =+ROUND(AD291,2) -> 0 | K291: =+AE291 -> 0 | L291: =+AJ291 -> 0 | M291: 111 | Q291: 103 | S291: =+RIGHT(O291,7) | U291: RC005 | V291: C001 | W291: =+AI291 -> 0 | X291: =+AJ291 -> 0 | Y291: 1 | Z291: =+F291 -> 0 | AC291: =+AB291*0.18 -> 0 | AD291: =+AB291+AC291 -> 0 | AF291: =+AB291*AE291 -> 0 | AG291: =+AC291*AE291 -> 0 | AH291: =+AD291*AE291 -> 0 | AI291: =+ROUND(AF291,2) -> 0 | AJ291: =+ROUND(AG291,2) -> 0 | AK291: =+AI291+AJ291 -> 0 | AL291: =+AI291+AJ291-AK291 -> 0 | AN291: =+LEFT(AM291,2) | AO291: =+MID(AM291,4,2) | AP291: =+RIGHT(AM291,2) | AQ291: =+CONCATENATE(AN291,AO291,AP291) | AR291: =+AM291+30 -> 30 | AS291: =+DAY(AR291) -> 30 | AT291: =+MONTH(AR291) -> 1 | AU291: =+YEAR(AR291) -> 1900 | AV291: =+CONCATENATE(TEXT(AS291,"00"),TEXT(AT291,"00"),RIGHT(AU291,2)) -> 300100
P292: 421201
P293: 421201
P294: 421201
A295: =1+A291 -> 74 | E295: =+AQ295 | G295: =+AV295 -> 300100 | H295: =+AK295 -> 0 | I295: =+ROUND(AD295,2) -> 0 | K295: =+AE295 -> 0 | L295: =+AJ295 -> 0 | M295: 111 | Q295: 103 | S295: =+RIGHT(O295,7) | U295: RC005 | V295: C001 | W295: =+AI295 -> 0 | X295: =+AJ295 -> 0 | Y295: 1 | Z295: =+F295 -> 0 | AC295: =+AB295*0.18 -> 0 | AD295: =+AB295+AC295 -> 0 | AF295: =+AB295*AE295 -> 0 | AG295: =+AC295*AE295 -> 0 | AH295: =+AD295*AE295 -> 0 | AI295: =+ROUND(AF295,2) -> 0 | AJ295: =+ROUND(AG295,2) -> 0 | AK295: =+AI295+AJ295 -> 0 | AL295: =+AI295+AJ295-AK295 -> 0 | AN295: =+LEFT(AM295,2) | AO295: =+MID(AM295,4,2) | AP295: =+RIGHT(AM295,2) | AQ295: =+CONCATENATE(AN295,AO295,AP295) | AR295: =+AM295+30 -> 30 | AS295: =+DAY(AR295) -> 30 | AT295: =+MONTH(AR295) -> 1 | AU295: =+YEAR(AR295) -> 1900 | AV295: =+CONCATENATE(TEXT(AS295,"00"),TEXT(AT295,"00"),RIGHT(AU295,2)) -> 300100
P296: 421201
P297: 421201
P298: 421201
A299: =1+A295 -> 75 | E299: =+AQ299 | G299: =+AV299 -> 300100 | H299: =+AK299 -> 0 | I299: =+ROUND(AD299,2) -> 0 | K299: =+AE299 -> 0 | L299: =+AJ299 -> 0 | M299: 111 | Q299: 103 | S299: =+RIGHT(O299,7) | U299: RC005 | V299: C001 | W299: =+AI299 -> 0 | X299: =+AJ299 -> 0 | Y299: 1 | Z299: =+F299 -> 0 | AC299: =+AB299*0.18 -> 0 | AD299: =+AB299+AC299 -> 0 | AF299: =+AB299*AE299 -> 0 | AG299: =+AC299*AE299 -> 0 | AH299: =+AD299*AE299 -> 0 | AI299: =+ROUND(AF299,2) -> 0 | AJ299: =+ROUND(AG299,2) -> 0 | AK299: =+AI299+AJ299 -> 0 | AL299: =+AI299+AJ299-AK299 -> 0 | AN299: =+LEFT(AM299,2) | AO299: =+MID(AM299,4,2) | AP299: =+RIGHT(AM299,2) | AQ299: =+CONCATENATE(AN299,AO299,AP299) | AR299: =+AM299+30 -> 30 | AS299: =+DAY(AR299) -> 30 | AT299: =+MONTH(AR299) -> 1 | AU299: =+YEAR(AR299) -> 1900 | AV299: =+CONCATENATE(TEXT(AS299,"00"),TEXT(AT299,"00"),RIGHT(AU299,2)) -> 300100
...

Sheet asiento conta
B1: cta | C1: cc | D1: linea | E1: nit | F1: TDW | G1: importe soles | H1: importe dol | I1: cod moneda | J1: glosa | K1: fecha | L1: nit cliente | M1: serie y correlatico | N1: cod trans
A2: 1 | B2: =+'libro compras'!$AK$1 -> 281130 | C2: 103 | E2: =+'libro compras'!S3 | G2: =+'libro compras'!AI3 -> 0 | I2: 00 | J2: =+CONCATENATE('libro compras'!C3," ",'libro compras'!D3) | K2: =+'libro compras'!F3 -> 0 | L2: =+'libro compras'!C3 -> 0 | M2: =+'libro compras'!D3 -> 0 | N2: FC_LC
A3: 1 | B3: =+'libro compras'!$AL$1 -> 401110 | C3: 103 | E3: =+E2 | G3: =+'libro compras'!AJ3 -> 0 | I3: 00 | J3: =+J2 | K3: =+K2 -> 0 | L3: =+L2 -> 0 | M3: =+M2 -> 0 | N3: FC_LC
A4: 1 | B4: =+'libro compras'!P3 -> 0 | C4: 103 | E4: =+E3 | G4: =-'libro compras'!AK3 -> 0 | I4: 01 | J4: =+J3 | K4: =+K3 -> 0 | L4: =+L3 -> 0 | M4: =+M3 -> 0 | N4: FC_LC
A5: 1 | B5: =+VLOOKUP(B4,Hoja1!$A$1:$B$2,2,FALSE) -> #N/A | C5: 103 | E5: =+E4 | G5: =-'libro compras'!I3 -> 0 | I5: 01 | J5: =+J4 | K5: =+K4 -> 0 | L5: =+L4 -> 0 | M5: =+M4 -> 0 | N5: FC_LC
A6: =1+A2 -> 2 | B6: =+'libro compras'!$AK$1 -> 281130 | C6: 103 | E6: =+'libro compras'!S7 | G6: =+'libro compras'!AI7 -> 0 | I6: 00 | J6: =+CONCATENATE('libro compras'!C7," ",'libro compras'!D7) | K6: =+K5 -> 0 | L6: =+'libro compras'!C7 -> 0 | M6: =+'libro compras'!D7 -> 0 | N6: FC_LC
A7: =1+A3 -> 2 | B7: =+'libro compras'!$AL$1 -> 401110 | C7: 103 | E7: =+E6 | G7: =+'libro compras'!AJ7 -> 0 | I7: 00 | J7: =+J6 | K7: =+K6 -> 0 | L7: =+L6 -> 0 | M7: =+M6 -> 0 | N7: FC_LC
A8: =1+A4 -> 2 | B8: =+'libro compras'!P7 -> 0 | C8: 103 | E8: =+E7 | G8: =-'libro compras'!AK7 -> 0 | I8: 01 | J8: =+J7 | K8: =+K7 -> 0 | L8: =+L7 -> 0 | M8: =+M7 -> 0 | N8: FC_LC
A9: =1+A5 -> 2 | B9: =+VLOOKUP(B8,Hoja1!$A$1:$B$2,2,FALSE) -> #N/A | C9: 103 | E9: =+E8 | G9: =-'libro compras'!I7 -> 0 | I9: 01 | J9: =+J8 | K9: =+K8 -> 0 | L9: =+L8 -> 0 | M9: =+M8 -> 0 | N9: FC_LC
A10: =+A9+1 -> 3 | B10: =+'libro compras'!$AK$1 -> 281130 | C10: 103 | E10: =+'libro compras'!S11 | G10: =+'libro compras'!AI11 -> 0 | I10: 00 | J10: =+CONCATENATE('libro compras'!C11," ",'libro compras'!D11) | K10: =+'libro compras'!F11 -> 0 | L10: =+'libro compras'!C11 -> 0 | M10: =+'libro compras'!D11 -> 0 | N10: FC_LC
A11: =+A10 -> 3 | B11: =+'libro compras'!$AL$1 -> 401110 | C11: 103 | E11: =+E10 | G11: =+'libro compras'!AJ11 -> 0 | I11: 00 | J11: =+J10 | K11: =+K10 -> 0 | L11: =+L10 -> 0 | M11: =+M10 -> 0 | N11: FC_LC
A12: =+A11 -> 3 | B12: =+'libro compras'!P11 -> 0 | C12: 103 | E12: =+E11 | G12: =-'libro compras'!AK11 -> 0 | I12: 01 | J12: =+J11 | K12: =+K11 -> 0 | L12: =+L11 -> 0 | M12: =+M11 -> 0 | N12: FC_LC
A13: =+A12 -> 3 | B13: =+VLOOKUP(B12,Hoja1!$A$1:$B$2,2,FALSE) -> #N/A | C13: 103 | E13: =+E12 | G13: =-'libro compras'!I11 -> 0 | I13: 01 | J13: =+J12 | K13: =+K12 -> 0 | L13: =+L12 -> 0 | M13: =+M12 -> 0 | N13: FC_LC
A14: =1+A10 -> 4 | B14: =+'libro compras'!$AK$1 -> 281130 | C14: 103 | E14: =+'libro compras'!S15 | G14: =+'libro compras'!AI15 -> 0 | I14: 00 | J14: =+CONCATENATE('libro compras'!C15," ",'libro compras'!D15) | K14: =+K13 -> 0 | L14: =+'libro compras'!C15 -> 0 | M14: =+'libro compras'!D15 -> 0 | N14: FC_LC
A15: =1+A11 -> 4 | B15: =+'libro compras'!$AL$1 -> 401110 | C15: 103 | E15: =+E14 | G15: =+'libro compras'!AJ15 -> 0 | I15: 00 | J15: =+J14 | K15: =+K14 -> 0 | L15: =+L14 -> 0 | M15: =+M14 -> 0 | N15: FC_LC
A16: =1+A12 -> 4 | B16: =+'libro compras'!P15 -> 0 | C16: 103 | E16: =+E15 | G16: =-'libro compras'!AK15 -> 0 | I16: 01 | J16: =+J15 | K16: =+K15 -> 0 | L16: =+L15 -> 0 | M16: =+M15 -> 0 | N16: FC_LC
A17: =1+A13 -> 4 | B17: =+VLOOKUP(B16,Hoja1!$A$1:$B$2,2,FALSE) -> #N/A | C17: 103 | E17: =+E16 | G17: =-'libro compras'!I15 -> 0 | I17: 01 | J17: =+J16 | K17: =+K16 -> 0 | L17: =+L16 -> 0 | M17: =+M16 -> 0 | N17: FC_LC
A18: =+A17+1 -> 5 | B18: =+'libro compras'!$AK$1 -> 281130 | C18: 103 | E18: =+'libro compras'!S19 | G18: =+'libro compras'!AI19 -> 0 | I18: 00 | J18: =+CONCATENATE('libro compras'!C19," ",'libro compras'!D19) | K18: =+'libro compras'!F19 -> 0 | L18: =+'libro compras'!C19 -> 0 | M18: =+'libro compras'!D19 -> 0 | N18: FC_LC
A19: =+A18 -> 5 | B19: =+'libro compras'!$AL$1 -> 401110 | C19: 103 | E19: =+E18 | G19: =+'libro compras'!AJ19 -> 0 | I19: 00 | J19: =+J18 | K19: =+K18 -> 0 | L19: =+L18 -> 0 | M19: =+M18 -> 0 | N19: FC_LC
A20: =+A19 -> 5 | B20: =+'libro compras'!P19 -> 0 | C20: 103 | E20: =+E19 | G20: =-'libro compras'!AK19 -> 0 | I20: 01 | J20: =+J19 | K20: =+K19 -> 0 | L20: =+L19 -> 0 | M20: =+M19 -> 0 | N20: FC_LC
A21: =+A20 -> 5 | B21: =+VLOOKUP(B20,Hoja1!$A$1:$B$2,2,FALSE) -> #N/A | C21: 103 | E21: =+E20 | G21: =-'libro compras'!I19 -> 0 | I21: 01 | J21: =+J20 | K21: =+K20 -> 0 | L21: =+L20 -> 0 | M21: =+M20 -> 0 | N21: FC_LC
A22: =1+A18 -> 6 | B22: =+'libro compras'!$AK$1 -> 281130 | C22: 103 | E22: =+'libro compras'!S23 | G22: =+'libro compras'!AI23 -> 0 | I22: 00 | J22: =+CONCATENATE('libro compras'!C23," ",'libro compras'!D23) | K22: =+K21 -> 0 | L22: =+'libro compras'!C23 -> 0 | M22: =+'libro compras'!D23 -> 0 | N22: FC_LC
A23: =1+A19 -> 6 | B23: =+'libro compras'!$AL$1 -> 401110 | C23: 103 | E23: =+E22 | G23: =+'libro compras'!AJ23 -> 0 | I23: 00 | J23: =+J22 | K23: =+K22 -> 0 | L23: =+L22 -> 0 | M23: =+M22 -> 0 | N23: FC_LC
A24: =1+A20 -> 6 | B24: =+'libro compras'!P23 -> 0 | C24: 103 | E24: =+E23 | G24: =-'libro compras'!AK23 -> 0 | I24: 01 | J24: =+J23 | K24: =+K23 -> 0 | L24: =+L23 -> 0 | M24: =+M23 -> 0 | N24: FC_LC
A25: =1+A21 -> 6 | B25: =+VLOOKUP(B24,Hoja1!$A$1:$B$2,2,FALSE) -> #N/A | C25: 103 | E25: =+E24 | G25: =-'libro compras'!I23 -> 0 | I25: 01 | J25: =+J24 | K25: =+K24 -> 0 | L25: =+L24 -> 0 | M25: =+M24 -> 0 | N25: FC_LC
A26: =1+A22 -> 7 | B26: =+'libro compras'!$AK$1 -> 281130 | C26: 103 | E26: =+'libro compras'!S27 | G26: =+'libro compras'!AI27 -> 0 | I26: 00 | J26: =+CONCATENATE('libro compras'!C27," ",'libro compras'!D27) | K26: =+K25 -> 0 | L26: =+'libro compras'!C27 -> 0 | M26: =+'libro compras'!D27 -> 0 | N26: FC_LC
A27: =1+A23 -> 7 | B27: =+'libro compras'!$AL$1 -> 401110 | C27: 103 | E27: =+E26 | G27: =+'libro compras'!AJ27 -> 0 | I27: 00 | J27: =+J26 | K27: =+K26 -> 0 | L27: =+L26 -> 0 | M27: =+M26 -> 0 | N27: FC_LC
A28: =1+A24 -> 7 | B28: =+'libro compras'!P27 -> 0 | C28: 103 | E28: =+E27 | G28: =-'libro compras'!AK27 -> 0 | I28: 01 | J28: =+J27 | K28: =+K27 -> 0 | L28: =+L27 -> 0 | M28: =+M27 -> 0 | N28: FC_LC
A29: =1+A25 -> 7 | B29: =+VLOOKUP(B28,Hoja1!$A$1:$B$2,2,FALSE) -> #N/A | C29: 103 | E29: =+E28 | G29: =-'libro compras'!I27 -> 0 | I29: 01 | J29: =+J28 | K29: =+K28 -> 0 | L29: =+L28 -> 0 | M29: =+M28 -> 0 | N29: FC_LC
A30: =+A29+1 -> 8 | B30: =+'libro compras'!$AK$1 -> 281130 | C30: 103 | E30: =+'libro compras'!S31 | G30: =+'libro compras'!AI31 -> 0 | I30: 00 | J30: =+CONCATENATE('libro compras'!C31," ",'libro compras'!D31) | K30: =+'libro compras'!F31 -> 0 | L30: =+'libro compras'!C31 -> 0 | M30: =+'libro compras'!D31 -> 0 | N30: FC_LC
A31: =+A30 -> 8 | B31: =+'libro compras'!$AL$1 -> 401110 | C31: 103 | E31: =+E30 | G31: =+'libro compras'!AJ31 -> 0 | I31: 00 | J31: =+J30 | K31: =+K30 -> 0 | L31: =+L30 -> 0 | M31: =+M30 -> 0 | N31: FC_LC
A32: =+A31 -> 8 | B32: =+'libro compras'!P31 -> 0 | C32: 103 | E32: =+E31 | G32: =-'libro compras'!AK31 -> 0 | I32: 01 | J32: =+J31 | K32: =+K31 -> 0 | L32: =+L31 -> 0 | M32: =+M31 -> 0 | N32: FC_LC
A33: =+A32 -> 8 | B33: =+VLOOKUP(B32,Hoja1!$A$1:$B$2,2,FALSE) -> #N/A | C33: 103 | E33: =+E32 | G33: =-'libro compras'!I31 -> 0 | I33: 01 | J33: =+J32 | K33: =+K32 -> 0 | L33: =+L32 -> 0 | M33: =+M32 -> 0 | N33: FC_LC
A34: =1+A30 -> 9 | B34: =+'libro compras'!$AK$1 -> 281130 | C34: 103 | E34: =+'libro compras'!S35 | G34: =+'libro compras'!AI35 -> 0 | I34: 00 | J34: =+CONCATENATE('libro compras'!C35," ",'libro compras'!D35) | K34: =+K33 -> 0 | L34: =+'libro compras'!C35 -> 0 | M34: =+'libro compras'!D35 -> 0 | N34: FC_LC
A35: =1+A31 -> 9 | B35: =+'libro compras'!$AL$1 -> 401110 | C35: 103 | E35: =+E34 | G35: =+'libro compras'!AJ35 -> 0 | I35: 00 | J35: =+J34 | K35: =+K34 -> 0 | L35: =+L34 -> 0 | M35: =+M34 -> 0 | N35: FC_LC
A36: =1+A32 -> 9 | B36: =+'libro compras'!P35 -> 0 | C36: 103 | E36: =+E35 | G36: =-'libro compras'!AK35 -> 0 | I36: 01 | J36: =+J35 | K36: =+K35 -> 0 | L36: =+L35 -> 0 | M36: =+M35 -> 0 | N36: FC_LC
A37: =1+A33 -> 9 | B37: =+VLOOKUP(B36,Hoja1!$A$1:$B$2,2,FALSE) -> #N/A | C37: 103 | E37: =+E36 | G37: =-'libro compras'!I35 -> 0 | I37: 01 | J37: =+J36 | K37: =+K36 -> 0 | L37: =+L36 -> 0 | M37: =+M36 -> 0 | N37: FC_LC
A38: =1+A34 -> 10 | B38: =+'libro compras'!$AK$1 -> 281130 | C38: 103 | E38: =+'libro compras'!S39 | G38: =+'libro compras'!AI39 -> 0 | I38: 00 | J38: =+CONCATENATE('libro compras'!C39," ",'libro compras'!D39) | K38: =+K37 -> 0 | L38: =+'libro compras'!C39 -> 0 | M38: =+'libro compras'!D39 -> 0 | N38: FC_LC
A39: =1+A35 -> 10 | B39: =+'libro compras'!$AL$1 -> 401110 | C39: 103 | E39: =+E38 | G39: =+'libro compras'!AJ39 -> 0 | I39: 00 | J39: =+J38 | K39: =+K38 -> 0 | L39: =+L38 -> 0 | M39: =+M38 -> 0 | N39: FC_LC
A40: =1+A36 -> 10 | B40: =+'libro compras'!P39 -> 0 | C40: 103 | E40: =+E39 | G40: =-'libro compras'!AK39 -> 0 | I40: 01 | J40: =+J39 | K40: =+K39 -> 0 | L40: =+L39 -> 0 | M40: =+M39 -> 0 | N40: FC_LC
A41: =1+A37 -> 10 | B41: =+VLOOKUP(B40,Hoja1!$A$1:$B$2,2,FALSE) -> #N/A | C41: 103 | E41: =+E40 | G41: =-'libro compras'!I39 -> 0 | I41: 01 | J41: =+J40 | K41: =+K40 -> 0 | L41: =+L40 -> 0 | M41: =+M40 -> 0 | N41: FC_LC
A42: =+A41+1 -> 11 | B42: =+'libro compras'!$AK$1 -> 281130 | C42: 103 | E42: =+'libro compras'!S43 | G42: =+'libro compras'!AI43 -> 0 | I42: 00 | J42: =+CONCATENATE('libro compras'!C43," ",'libro compras'!D43) | K42: =+'libro compras'!F43 -> 0 | L42: =+'libro compras'!C43 -> 0 | M42: =+'libro compras'!D43 -> 0 | N42: FC_LC
A43: =+A42 -> 11 | B43: =+'libro compras'!$AL$1 -> 401110 | C43: 103 | E43: =+E42 | G43: =+'libro compras'!AJ43 -> 0 | I43: 00 | J43: =+J42 | K43: =+K42 -> 0 | L43: =+L42 -> 0 | M43: =+M42 -> 0 | N43: FC_LC
A44: =+A43 -> 11 | B44: =+'libro compras'!P43 -> 0 | C44: 103 | E44: =+E43 | G44: =-'libro compras'!AK43 -> 0 | I44: 01 | J44: =+J43 | K44: =+K43 -> 0 | L44: =+L43 -> 0 | M44: =+M43 -> 0 | N44: FC_LC
A45: =+A44 -> 11 | B45: =+VLOOKUP(B44,Hoja1!$A$1:$B$2,2,FALSE) -> #N/A | C45: 103 | E45: =+E44 | G45: =-'libro compras'!I43 -> 0 | I45: 01 | J45: =+J44 | K45: =+K44 -> 0 | L45: =+L44 -> 0 | M45: =+M44 -> 0 | N45: FC_LC
A46: =1+A42 -> 12 | B46: =+'libro compras'!$AK$1 -> 281130 | C46: 103 | E46: =+'libro compras'!S47 | G46: =+'libro compras'!AI47 -> 0 | I46: 00 | J46: =+CONCATENATE('libro compras'!C47," ",'libro compras'!D47) | K46: =+K45 -> 0 | L46: =+'libro compras'!C47 -> 0 | M46: =+'libro compras'!D47 -> 0 | N46: FC_LC
A47: =1+A43 -> 12 | B47: =+'libro compras'!$AL$1 -> 401110 | C47: 103 | E47: =+E46 | G47: =+'libro compras'!AJ47 -> 0 | I47: 00 | J47: =+J46 | K47: =+K46 -> 0 | L47: =+L46 -> 0 | M47: =+M46 -> 0 | N47: FC_LC
A48: =1+A44 -> 12 | B48: =+'libro compras'!P47 -> 0 | C48: 103 | E48: =+E47 | G48: =-'libro compras'!AK47 -> 0 | I48: 01 | J48: =+J47 | K48: =+K47 -> 0 | L48: =+L47 -> 0 | M48: =+M47 -> 0 | N48: FC_LC
A49: =1+A45 -> 12 | B49: =+VLOOKUP(B48,Hoja1!$A$1:$B$2,2,FALSE) -> #N/A | C49: 103 | E49: =+E48 | G49: =-'libro compras'!I47 -> 0 | I49: 01 | J49: =+J48 | K49: =+K48 -> 0 | L49: =+L48 -> 0 | M49: =+M48 -> 0 | N49: FC_LC
A50: =1+A46 -> 13 | B50: =+'libro compras'!$AK$1 -> 281130 | C50: 103 | E50: =+'libro compras'!S51 | G50: =+'libro compras'!AI51 -> 0 | I50: 00 | J50: =+CONCATENATE('libro compras'!C51," ",'libro compras'!D51) | K50: =+K49 -> 0 | L50: =+'libro compras'!C51 -> 0 | M50: =+'libro compras'!D51 -> 0 | N50: FC_LC
A51: =1+A47 -> 13 | B51: =+'libro compras'!$AL$1 -> 401110 | C51: 103 | E51: =+E50 | G51: =+'libro compras'!AJ51 -> 0 | I51: 00 | J51: =+J50 | K51: =+K50 -> 0 | L51: =+L50 -> 0 | M51: =+M50 -> 0 | N51: FC_LC
A52: =1+A48 -> 13 | B52: =+'libro compras'!P51 -> 0 | C52: 103 | E52: =+E51 | G52: =-'libro compras'!AK51 -> 0 | I52: 01 | J52: =+J51 | K52: =+K51 -> 0 | L52: =+L51 -> 0 | M52: =+M51 -> 0 | N52: FC_LC
A53: =1+A49 -> 13 | B53: =+VLOOKUP(B52,Hoja1!$A$1:$B$2,2,FALSE) -> #N/A | C53: 103 | E53: =+E52 | G53: =-'libro compras'!I51 -> 0 | I53: 01 | J53: =+J52 | K53: =+K52 -> 0 | L53: =+L52 -> 0 | M53: =+M52 -> 0 | N53: FC_LC
A54: =+A53+1 -> 14 | B54: =+'libro compras'!$AK$1 -> 281130 | C54: 103 | E54: =+'libro compras'!S55 | G54: =+'libro compras'!AI55 -> 0 | I54: 00 | J54: =+CONCATENATE('libro compras'!C55," ",'libro compras'!D55) | K54: =+'libro compras'!F55 -> 0 | L54: =+'libro compras'!C55 -> 0 | M54: =+'libro compras'!D55 -> 0 | N54: FC_LC
A55: =+A54 -> 14 | B55: =+'libro compras'!$AL$1 -> 401110 | C55: 103 | E55: =+E54 | G55: =+'libro compras'!AJ55 -> 0 | I55: 00 | J55: =+J54 | K55: =+K54 -> 0 | L55: =+L54 -> 0 | M55: =+M54 -> 0 | N55: FC_LC
A56: =+A55 -> 14 | B56: =+'libro compras'!P55 -> 0 | C56: 103 | E56: =+E55 | G56: =-'libro compras'!AK55 -> 0 | I56: 01 | J56: =+J55 | K56: =+K55 -> 0 | L56: =+L55 -> 0 | M56: =+M55 -> 0 | N56: FC_LC
A57: =+A56 -> 14 | B57: =+VLOOKUP(B56,Hoja1!$A$1:$B$2,2,FALSE) -> #N/A | C57: 103 | E57: =+E56 | G57: =-'libro compras'!I55 -> 0 | I57: 01 | J57: =+J56 | K57: =+K56 -> 0 | L57: =+L56 -> 0 | M57: =+M56 -> 0 | N57: FC_LC
A58: =1+A54 -> 15 | B58: =+'libro compras'!$AK$1 -> 281130 | C58: 103 | E58: =+'libro compras'!S59 | G58: =+'libro compras'!AI59 -> 0 | I58: 00 | J58: =+CONCATENATE('libro compras'!C59," ",'libro compras'!D59) | K58: =+K57 -> 0 | L58: =+'libro compras'!C59 -> 0 | M58: =+'libro compras'!D59 -> 0 | N58: FC_LC
A59: =1+A55 -> 15 | B59: =+'libro compras'!$AL$1 -> 401110 | C59: 103 | E59: =+E58 | G59: =+'libro compras'!AJ59 -> 0 | I59: 00 | J59: =+J58 | K59: =+K58 -> 0 | L59: =+L58 -> 0 | M59: =+M58 -> 0 | N59: FC_LC
A60: =1+A56 -> 15 | B60: =+'libro compras'!P59 -> 0 | C60: 103 | E60: =+E59 | G60: =-'libro compras'!AK59 -> 0 | I60: 01 | J60: =+J59 | K60: =+K59 -> 0 | L60: =+L59 -> 0 | M60: =+M59 -> 0 | N60: FC_LC
A61: =1+A57 -> 15 | B61: =+VLOOKUP(B60,Hoja1!$A$1:$B$2,2,FALSE) -> #N/A | C61: 103 | E61: =+E60 | G61: =-'libro compras'!I59 -> 0 | I61: 01 | J61: =+J60 | K61: =+K60 -> 0 | L61: =+L60 -> 0 | M61: =+M60 -> 0 | N61: FC_LC
A62: =1+A58 -> 16 | B62: =+'libro compras'!$AK$1 -> 281130 | C62: 103 | E62: =+'libro compras'!S63 | G62: =+'libro compras'!AI63 -> 0 | I62: 00 | J62: =+CONCATENATE('libro compras'!C63," ",'libro compras'!D63) | K62: =+K61 -> 0 | L62: =+'libro compras'!C63 -> 0 | M62: =+'libro compras'!D63 -> 0 | N62: FC_LC
A63: =1+A59 -> 16 | B63: =+'libro compras'!$AL$1 -> 401110 | C63: 103 | E63: =+E62 | G63: =+'libro compras'!AJ63 -> 0 | I63: 00 | J63: =+J62 | K63: =+K62 -> 0 | L63: =+L62 -> 0 | M63: =+M62 -> 0 | N63: FC_LC
A64: =1+A60 -> 16 | B64: =+'libro compras'!P63 -> 0 | C64: 103 | E64: =+E63 | G64: =-'libro compras'!AK63 -> 0 | I64: 01 | J64: =+J63 | K64: =+K63 -> 0 | L64: =+L63 -> 0 | M64: =+M63 -> 0 | N64: FC_LC
A65: =1+A61 -> 16 | B65: =+VLOOKUP(B64,Hoja1!$A$1:$B$2,2,FALSE) -> #N/A | C65: 103 | E65: =+E64 | G65: =-'libro compras'!I63 -> 0 | I65: 01 | J65: =+J64 | K65: =+K64 -> 0 | L65: =+L64 -> 0 | M65: =+M64 -> 0 | N65: FC_LC
A66: =+A65+1 -> 17 | B66: =+'libro compras'!$AK$1 -> 281130 | C66: 103 | E66: =+'libro compras'!S67 | G66: =+'libro compras'!AI67 -> 0 | I66: 00 | J66: =+CONCATENATE('libro compras'!C67," ",'libro compras'!D67) | K66: =+'libro compras'!F67 -> 0 | L66: =+'libro compras'!C67 -> 0 | M66: =+'libro compras'!D67 -> 0 | N66: FC_LC
A67: =+A66 -> 17 | B67: =+'libro compras'!$AL$1 -> 401110 | C67: 103 | E67: =+E66 | G67: =+'libro compras'!AJ67 -> 0 | I67: 00 | J67: =+J66 | K67: =+K66 -> 0 | L67: =+L66 -> 0 | M67: =+M66 -> 0 | N67: FC_LC
A68: =+A67 -> 17 | B68: =+'libro compras'!P67 -> 0 | C68: 103 | E68: =+E67 | G68: =-'libro compras'!AK67 -> 0 | I68: 01 | J68: =+J67 | K68: =+K67 -> 0 | L68: =+L67 -> 0 | M68: =+M67 -> 0 | N68: FC_LC
A69: =+A68 -> 17 | B69: =+VLOOKUP(B68,Hoja1!$A$1:$B$2,2,FALSE) -> #N/A | C69: 103 | E69: =+E68 | G69: =-'libro compras'!I67 -> 0 | I69: 01 | J69: =+J68 | K69: =+K68 -> 0 | L69: =+L68 -> 0 | M69: =+M68 -> 0 | N69: FC_LC
A70: =1+A66 -> 18 | B70: =+'libro compras'!$AK$1 -> 281130 | C70: 103 | E70: =+'libro compras'!S71 | G70: =+'libro compras'!AI71 -> 0 | I70: 00 | J70: =+CONCATENATE('libro compras'!C71," ",'libro compras'!D71) | K70: =+K69 -> 0 | L70: =+'libro compras'!C71 -> 0 | M70: =+'libro compras'!D71 -> 0 | N70: FC_LC
A71: =1+A67 -> 18 | B71: =+'libro compras'!$AL$1 -> 401110 | C71: 103 | E71: =+E70 | G71: =+'libro compras'!AJ71 -> 0 | I71: 00 | J71: =+J70 | K71: =+K70 -> 0 | L71: =+L70 -> 0 | M71: =+M70 -> 0 | N71: FC_LC
A72: =1+A68 -> 18 | B72: =+'libro compras'!P71 -> 0 | C72: 103 | E72: =+E71 | G72: =-'libro compras'!AK71 -> 0 | I72: 01 | J72: =+J71 | K72: =+K71 -> 0 | L72: =+L71 -> 0 | M72: =+M71 -> 0 | N72: FC_LC
A73: =1+A69 -> 18 | B73: =+VLOOKUP(B72,Hoja1!$A$1:$B$2,2,FALSE) -> #N/A | C73: 103 | E73: =+E72 | G73: =-'libro compras'!I71 -> 0 | I73: 01 | J73: =+J72 | K73: =+K72 -> 0 | L73: =+L72 -> 0 | M73: =+M72 -> 0 | N73: FC_LC
A74: =1+A70 -> 19 | B74: =+'libro compras'!$AK$1 -> 281130 | C74: 103 | E74: =+'libro compras'!S75 | G74: =+'libro compras'!AI75 -> 0 | I74: 00 | J74: =+CONCATENATE('libro compras'!C75," ",'libro compras'!D75) | K74: =+K73 -> 0 | L74: =+'libro compras'!C75 -> 0 | M74: =+'libro compras'!D75 -> 0 | N74: FC_LC
A75: =1+A71 -> 19 | B75: =+'libro compras'!$AL$1 -> 401110 | C75: 103 | E75: =+E74 | G75: =+'libro compras'!AJ75 -> 0 | I75: 00 | J75: =+J74 | K75: =+K74 -> 0 | L75: =+L74 -> 0 | M75: =+M74 -> 0 | N75: FC_LC
A76: =1+A72 -> 19 | B76: =+'libro compras'!P75 -> 0 | C76: 103 | E76: =+E75 | G76: =-'libro compras'!AK75 -> 0 | I76: 01 | J76: =+J75 | K76: =+K75 -> 0 | L76: =+L75 -> 0 | M76: =+M75 -> 0 | N76: FC_LC
A77: =1+A73 -> 19 | B77: =+VLOOKUP(B76,Hoja1!$A$1:$B$2,2,FALSE) -> #N/A | C77: 103 | E77: =+E76 | G77: =-'libro compras'!I75 -> 0 | I77: 01 | J77: =+J76 | K77: =+K76 -> 0 | L77: =+L76 -> 0 | M77: =+M76 -> 0 | N77: FC_LC
A78: =+A77+1 -> 20 | B78: =+'libro compras'!$AK$1 -> 281130 | C78: 103 | E78: =+'libro compras'!S79 | G78: =+'libro compras'!AI79 -> 0 | I78: 00 | J78: =+CONCATENATE('libro compras'!C79," ",'libro compras'!D79) | K78: =+'libro compras'!F79 -> 0 | L78: =+'libro compras'!C79 -> 0 | M78: =+'libro compras'!D79 -> 0 | N78: FC_LC
A79: =+A78 -> 20 | B79: =+'libro compras'!$AL$1 -> 401110 | C79: 103 | E79: =+E78 | G79: =+'libro compras'!AJ79 -> 0 | I79: 00 | J79: =+J78 | K79: =+K78 -> 0 | L79: =+L78 -> 0 | M79: =+M78 -> 0 | N79: FC_LC
A80: =+A79 -> 20 | B80: =+'libro compras'!P79 -> 0 | C80: 103 | E80: =+E79 | G80: =-'libro compras'!AK79 -> 0 | I80: 01 | J80: =+J79 | K80: =+K79 -> 0 | L80: =+L79 -> 0 | M80: =+M79 -> 0 | N80: FC_LC
A81: =+A80 -> 20 | B81: =+VLOOKUP(B80,Hoja1!$A$1:$B$2,2,FALSE) -> #N/A | C81: 103 | E81: =+E80 | G81: =-'libro compras'!I79 -> 0 | I81: 01 | J81: =+J80 | K81: =+K80 -> 0 | L81: =+L80 -> 0 | M81: =+M80 -> 0 | N81: FC_LC
A82: =1+A78 -> 21 | B82: =+'libro compras'!$AK$1 -> 281130 | C82: 103 | E82: =+'libro compras'!S83 | G82: =+'libro compras'!AI83 -> 0 | I82: 00 | J82: =+CONCATENATE('libro compras'!C83," ",'libro compras'!D83) | K82: =+K81 -> 0 | L82: =+'libro compras'!C83 -> 0 | M82: =+'libro compras'!D83 -> 0 | N82: FC_LC
A83: =1+A79 -> 21 | B83: =+'libro compras'!$AL$1 -> 401110 | C83: 103 | E83: =+E82 | G83: =+'libro compras'!AJ83 -> 0 | I83: 00 | J83: =+J82 | K83: =+K82 -> 0 | L83: =+L82 -> 0 | M83: =+M82 -> 0 | N83: FC_LC
A84: =1+A80 -> 21 | B84: =+'libro compras'!P83 -> 0 | C84: 103 | E84: =+E83 | G84: =-'libro compras'!AK83 -> 0 | I84: 01 | J84: =+J83 | K84: =+K83 -> 0 | L84: =+L83 -> 0 | M84: =+M83 -> 0 | N84: FC_LC
A85: =1+A81 -> 21 | B85: =+VLOOKUP(B84,Hoja1!$A$1:$B$2,2,FALSE) -> #N/A | C85: 103 | E85: =+E84 | G85: =-'libro compras'!I83 -> 0 | I85: 01 | J85: =+J84 | K85: =+K84 -> 0 | L85: =+L84 -> 0 | M85: =+M84 -> 0 | N85: FC_LC
A86: =1+A82 -> 22 | B86: =+'libro compras'!$AK$1 -> 281130 | C86: 103 | E86: =+'libro compras'!S87 | G86: =+'libro compras'!AI87 -> 0 | I86: 00 | J86: =+CONCATENATE('libro compras'!C87," ",'libro compras'!D87) | K86: =+K85 -> 0 | L86: =+'libro compras'!C87 -> 0 | M86: =+'libro compras'!D87 -> 0 | N86: FC_LC
A87: =1+A83 -> 22 | B87: =+'libro compras'!$AL$1 -> 401110 | C87: 103 | E87: =+E86 | G87: =+'libro compras'!AJ87 -> 0 | I87: 00 | J87: =+J86 | K87: =+K86 -> 0 | L87: =+L86 -> 0 | M87: =+M86 -> 0 | N87: FC_LC
A88: =1+A84 -> 22 | B88: =+'libro compras'!P87 -> 0 | C88: 103 | E88: =+E87 | G88: =-'libro compras'!AK87 -> 0 | I88: 01 | J88: =+J87 | K88: =+K87 -> 0 | L88: =+L87 -> 0 | M88: =+M87 -> 0 | N88: FC_LC
A89: =1+A85 -> 22 | B89: =+VLOOKUP(B88,Hoja1!$A$1:$B$2,2,FALSE) -> #N/A | C89: 103 | E89: =+E88 | G89: =-'libro compras'!I87 -> 0 | I89: 01 | J89: =+J88 | K89: =+K88 -> 0 | L89: =+L88 -> 0 | M89: =+M88 -> 0 | N89: FC_LC
A90: =+A89+1 -> 23 | B90: =+'libro compras'!$AK$1 -> 281130 | C90: 103 | E90: =+'libro compras'!S91 | G90: =+'libro compras'!AI91 -> 0 | I90: 00 | J90: =+CONCATENATE('libro compras'!C91," ",'libro compras'!D91) | K90: =+'libro compras'!F91 -> 0 | L90: =+'libro compras'!C91 -> 0 | M90: =+'libro compras'!D91 -> 0 | N90: FC_LC
A91: =+A90 -> 23 | B91: =+'libro compras'!$AL$1 -> 401110 | C91: 103 | E91: =+E90 | G91: =+'libro compras'!AJ91 -> 0 | I91: 00 | J91: =+J90 | K91: =+K90 -> 0 | L91: =+L90 -> 0 | M91: =+M90 -> 0 | N91: FC_LC
A92: =+A91 -> 23 | B92: =+'libro compras'!P91 -> 0 | C92: 103 | E92: =+E91 | G92: =-'libro compras'!AK91 -> 0 | I92: 01 | J92: =+J91 | K92: =+K91 -> 0 | L92: =+L91 -> 0 | M92: =+M91 -> 0 | N92: FC_LC
A93: =+A92 -> 23 | B93: =+VLOOKUP(B92,Hoja1!$A$1:$B$2,2,FALSE) -> #N/A | C93: 103 | E93: =+E92 | G93: =-'libro compras'!I91 -> 0 | I93: 01 | J93: =+J92 | K93: =+K92 -> 0 | L93: =+L92 -> 0 | M93: =+M92 -> 0 | N93: FC_LC
A94: =1+A90 -> 24 | B94: =+'libro compras'!$AK$1 -> 281130 | C94: 103 | E94: =+'libro compras'!S95 | G94: =+'libro compras'!AI95 -> 0 | I94: 00 | J94: =+CONCATENATE('libro compras'!C95," ",'libro compras'!D95) | K94: =+K93 -> 0 | L94: =+'libro compras'!C95 -> 0 | M94: =+'libro compras'!D95 -> 0 | N94: FC_LC
A95: =1+A91 -> 24 | B95: =+'libro compras'!$AL$1 -> 401110 | C95: 103 | E95: =+E94 | G95: =+'libro compras'!AJ95 -> 0 | I95: 00 | J95: =+J94 | K95: =+K94 -> 0 | L95: =+L94 -> 0 | M95: =+M94 -> 0 | N95: FC_LC
A96: =1+A92 -> 24 | B96: =+'libro compras'!P95 -> 0 | C96: 103 | E96: =+E95 | G96: =-'libro compras'!AK95 -> 0 | I96: 01 | J96: =+J95 | K96: =+K95 -> 0 | L96: =+L95 -> 0 | M96: =+M95 -> 0 | N96: FC_LC
A97: =1+A93 -> 24 | B97: =+VLOOKUP(B96,Hoja1!$A$1:$B$2,2,FALSE) -> #N/A | C97: 103 | E97: =+E96 | G97: =-'libro compras'!I95 -> 0 | I97: 01 | J97: =+J96 | K97: =+K96 -> 0 | L97: =+L96 -> 0 | M97: =+M96 -> 0 | N97: FC_LC
A98: =1+A94 -> 25 | B98: =+'libro compras'!$AK$1 -> 281130 | C98: 103 | E98: =+'libro compras'!S99 | G98: =+'libro compras'!AI99 -> 0 | I98: 00 | J98: =+CONCATENATE('libro compras'!C99," ",'libro compras'!D99) | K98: =+K97 -> 0 | L98: =+'libro compras'!C99 -> 0 | M98: =+'libro compras'!D99 -> 0 | N98: FC_LC
A99: =1+A95 -> 25 | B99: =+'libro compras'!$AL$1 -> 401110 | C99: 103 | E99: =+E98 | G99: =+'libro compras'!AJ99 -> 0 | I99: 00 | J99: =+J98 | K99: =+K98 -> 0 | L99: =+L98 -> 0 | M99: =+M98 -> 0 | N99: FC_LC
A100: =1+A96 -> 25 | B100: =+'libro compras'!P99 -> 0 | C100: 103 | E100: =+E99 | G100: =-'libro compras'!AK99 -> 0 | I100: 01 | J100: =+J99 | K100: =+K99 -> 0 | L100: =+L99 -> 0 | M100: =+M99 -> 0 | N100: FC_LC
...

Sheet Hoja2
A1: CADENA DE CONT
A2: 82025
A3: 102025
A4: 2025006
A5: 2025007
A6: 2025021
A7: 2025025
A8: 2025028
A9: 2025031
A10: 2025032
A11: 2025038
A12: 2025041
A13: 2025049
... A37: 2025532

Sheet Hoja1
A1: 421202 | B1: 0131
A2: 421201
